-- phpMyAdmin SQL Dump
-- version 5.2.2
-- https://www.phpmyadmin.net/
--
-- Hôte : localhost:3306
-- Généré le : mar. 15 juil. 2025 à 13:17
-- Version du serveur : 10.6.22-MariaDB
-- Version de PHP : 8.3.22

SET SQL_MODE = "NO_AUTO_VALUE_ON_ZERO";
START TRANSACTION;
SET time_zone = "+00:00";


/*!40101 SET @OLD_CHARACTER_SET_CLIENT=@@CHARACTER_SET_CLIENT */;
/*!40101 SET @OLD_CHARACTER_SET_RESULTS=@@CHARACTER_SET_RESULTS */;
/*!40101 SET @OLD_COLLATION_CONNECTION=@@COLLATION_CONNECTION */;
/*!40101 SET NAMES utf8mb4 */;

--
-- Base de données : `doar6900_kisukisu`
--

-- --------------------------------------------------------

--
-- Structure de la table `animes`
--

CREATE TABLE `animes` (
  `id` bigint(20) UNSIGNED NOT NULL,
  `title_fr` varchar(200) NOT NULL,
  `title_en` varchar(200) DEFAULT NULL,
  `title_original` varchar(200) DEFAULT NULL,
  `info_url_fr` varchar(255) NOT NULL,
  `info_url_en` varchar(255) DEFAULT NULL,
  `type` enum('SERIES','MOVIE','OVA','ONA') NOT NULL,
  `deleted_at` timestamp NULL DEFAULT NULL,
  `created_at` timestamp NULL DEFAULT NULL,
  `updated_at` timestamp NULL DEFAULT NULL
) ENGINE=InnoDB DEFAULT CHARSET=utf8mb4 COLLATE=utf8mb4_unicode_ci;

--
-- Déchargement des données de la table `animes`
--

INSERT INTO `animes` (`id`, `title_fr`, `title_en`, `title_original`, `info_url_fr`, `info_url_en`, `type`, `deleted_at`, `created_at`, `updated_at`) VALUES
(1, 'One Piece', NULL, 'ワンピース', 'https://www.nautiljon.com/animes/one+piece.html', NULL, 'SERIES', NULL, '2020-07-11 09:23:33', '2020-07-11 09:23:33'),
(2, 'Demon Slayer', NULL, 'Kimetsu no Yaiba', 'https://www.nautiljon.com/animes/kimetsu+no+yaiba.html', NULL, 'SERIES', NULL, '2020-07-11 09:39:32', '2022-01-10 13:30:11'),
(3, 'One Outs', NULL, 'ワンナウツ', 'https://www.nautiljon.com/animes/one+outs.html', NULL, 'SERIES', NULL, '2020-07-11 10:51:31', '2020-07-11 10:51:31'),
(4, 'Hunter x Hunter (2011)', NULL, 'ハンター×ハンター', 'https://www.nautiljon.com/animes/hunter+x+hunter+(2011).html', NULL, 'SERIES', NULL, '2020-07-11 11:01:35', '2020-07-11 11:01:35'),
(5, 'L\'Attaque des Titans', NULL, 'Shingeki No Kyojin', 'https://www.nautiljon.com/animes/shingeki+no+kyojin.html', NULL, 'SERIES', NULL, '2020-07-11 11:03:51', '2020-07-11 11:03:51'),
(6, 'Death Note', NULL, 'デスノート', 'https://www.nautiljon.com/animes/death+note.html', NULL, 'SERIES', NULL, '2020-07-11 11:04:50', '2020-07-11 11:04:50'),
(7, 'Fairy Tail', NULL, 'フェアリーテイル', 'https://www.nautiljon.com/animes/fairy+tail.html', NULL, 'SERIES', NULL, '2020-07-11 11:20:29', '2020-07-11 11:20:29'),
(8, 'Fullmetal Alchemist : Brotherhood', NULL, 'Hagane no Renkinjutsushi (2009)', 'https://www.nautiljon.com/animes/fullmetal+alchemist+-+brotherhood.html', NULL, 'SERIES', NULL, '2020-07-11 11:22:26', '2020-07-11 11:22:26'),
(9, 'Tokyo Ghoul', NULL, 'Tokyo Kushu (東京喰種-トーキョーグール-)', 'https://www.nautiljon.com/animes/tokyo+ghoul.html', NULL, 'SERIES', NULL, '2020-07-11 11:23:43', '2020-07-11 11:23:43'),
(10, 'Sword Art Online', NULL, 'ソードアート・オンライン', 'https://www.nautiljon.com/animes/sword+art+online.html', NULL, 'SERIES', NULL, '2020-07-11 11:38:10', '2020-07-11 11:38:10'),
(11, 'Clannad', NULL, 'CLANNAD -クラナド-', 'https://www.nautiljon.com/animes/clannad.html', NULL, 'SERIES', NULL, '2020-07-11 11:40:41', '2020-07-11 11:40:41'),
(12, 'Naruto', NULL, 'ナルト', 'https://www.nautiljon.com/animes/naruto.html', NULL, 'SERIES', NULL, '2020-07-11 11:43:54', '2020-07-11 11:43:54'),
(13, 'Code Geass : Lelouch of the Rebellion', NULL, 'Code Geass : Hangyaku no Lelouch (コードギアス 反逆のルルーシュ)', 'https://www.nautiljon.com/animes/code+geass+-+hangyaku+no+lelouch.html', NULL, 'SERIES', NULL, '2020-07-11 11:45:37', '2020-07-11 11:45:37'),
(14, 'Black Butler', NULL, 'Kuroshitsuji', 'https://www.nautiljon.com/animes/kuroshitsuji.html', NULL, 'SERIES', NULL, '2020-07-11 11:47:30', '2020-07-11 11:47:30'),
(15, 'Bleach', NULL, 'ブリーチ', 'https://www.nautiljon.com/animes/bleach.html', NULL, 'SERIES', NULL, '2020-07-11 11:50:53', '2020-07-11 11:50:53'),
(16, 'Naruto Shippuden', NULL, 'ナルト 疾風伝', 'https://www.nautiljon.com/animes/naruto+shippuden.html', NULL, 'SERIES', NULL, '2020-07-11 11:52:13', '2020-07-11 11:52:13'),
(17, 'My Hero Academia', NULL, 'Boku no Hero Academia', 'https://www.nautiljon.com/animes/boku+no+hero+academia.html', NULL, 'SERIES', NULL, '2020-07-11 11:53:24', '2020-07-11 11:53:24'),
(18, 'Boruto', NULL, 'Boruto: Naruto Next Generations', 'https://www.animeka.com/animes/detail/boruto-naruto-next-generations.html', NULL, 'SERIES', NULL, '2020-07-12 21:26:10', '2020-07-12 21:26:10'),
(19, 'A Certain Magical Index', NULL, 'Toaru majutsu no Index (とある魔術の禁書目録)', 'https://www.animeka.com/animes/detail/to-aru-majutsu-no-index.html', NULL, 'SERIES', NULL, '2020-07-12 21:31:00', '2020-07-12 21:31:00'),
(20, 'A Certain Magical Index II', NULL, 'Toaru majutsu no Index II (とある魔術の禁書目録 II )', 'https://www.animeka.com/animes/detail/toaru-majutsu-no-index-2.html', NULL, 'SERIES', NULL, '2020-07-12 21:32:32', '2020-07-12 21:32:32'),
(21, 'Kaguya-sama: Love is war', NULL, 'Kaguya-sama wa Kokurasetai', 'https://www.nautiljon.com/animes/kaguya-sama+wa+kokurasetai+-+tensai-tachi+no+renai+zunousen.html', NULL, 'SERIES', NULL, '2020-07-12 21:34:31', '2020-07-12 21:34:31'),
(22, 'Beelzebub', NULL, 'べるぜバブ', 'https://www.animeka.com/animes/detail/beelzebub.html', NULL, 'SERIES', NULL, '2020-07-12 22:07:06', '2020-07-12 22:07:06'),
(23, 'Bungou Stray Dogs', NULL, 'Bungou Stray Dogs', 'https://www.animeka.com/animes/detail/bungou-stray-dogs.html', NULL, 'SERIES', NULL, '2020-07-12 22:15:04', '2020-07-13 13:29:34'),
(24, 'Haikyuu!!', NULL, 'ハイキュー!!', 'https://www.animeka.com/animes/detail/haikyuu.html', NULL, 'SERIES', NULL, '2020-07-12 22:24:35', '2020-07-12 22:24:35'),
(25, 'Banana fish', NULL, 'バナナフィッシュ', 'https://www.animeka.com/animes/detail/banana-fish.html', NULL, 'SERIES', NULL, '2020-07-12 22:30:08', '2020-07-12 22:41:37'),
(26, 'Ouran High School Host Club', NULL, 'Ouran Koukou Host Club', 'https://www.animeka.com/animes/detail/ouran-high-school-host-club.html', NULL, 'SERIES', NULL, '2020-07-12 22:34:40', '2020-07-12 22:34:40'),
(27, 'Fruit Basket', NULL, 'Furuba', 'https://www.animeka.com/animes/detail/fruits-basket.html', NULL, 'SERIES', NULL, '2020-07-12 22:41:10', '2020-07-12 22:41:10'),
(28, 'Black Clover', NULL, 'ブラッククローバー', 'https://www.animeka.com/animes/detail/black-clover-tv.html', NULL, 'SERIES', NULL, '2020-07-12 22:43:57', '2020-07-12 22:51:55'),
(29, 'Noragami', NULL, 'Noragami', 'https://www.animeka.com/animes/detail/noragami.html', NULL, 'SERIES', NULL, '2020-07-12 22:47:37', '2020-07-12 22:47:37'),
(30, 'Noragami Aragoto', NULL, 'Noragami Aragoto', 'https://www.animeka.com/animes/detail/noragami-aragoto.html', NULL, 'SERIES', NULL, '2020-07-12 22:48:37', '2020-07-13 13:28:39'),
(31, 'Death Parade', NULL, 'Death Parade', 'https://www.animeka.com/animes/detail/death-parade.html', NULL, 'SERIES', NULL, '2020-07-12 22:50:10', '2020-07-12 22:50:10'),
(32, 'Dragon Ball', NULL, 'ドラゴンボール', 'https://www.animeka.com/animes/detail/dragon-ball.html', NULL, 'SERIES', NULL, '2020-07-12 22:51:41', '2020-07-12 22:51:41'),
(33, 'Dragon Ball GT (2001)', NULL, 'Dragon Ball GT (ドラゴンボールGT)', 'https://www.animeka.com/animes/detail/dbgt.html', NULL, 'SERIES', NULL, '2020-07-12 22:52:51', '2020-07-12 22:52:51'),
(34, 'Dragon Ball Super (2017)', NULL, 'Dragon Ball Super (ドラゴンボール超[スーパー])', 'https://www.animeka.com/animes/detail/dragon-ball-super.html', NULL, 'SERIES', NULL, '2020-07-12 22:53:42', '2020-07-12 22:53:42'),
(35, 'Hunter x Hunter', NULL, 'Hunter x Hunter', 'https://www.animeka.com/animes/detail/hunter-x-hunter-2011.html', NULL, 'SERIES', NULL, '2020-07-12 22:54:06', '2020-07-12 22:54:06'),
(36, 'Dragon Ball Z (1990)', NULL, 'Dragon Ball Z (ドラゴンボール Z)', 'https://www.animeka.com/animes/detail/dragon-ball-z.html', NULL, 'SERIES', NULL, '2020-07-12 22:54:21', '2020-07-12 22:54:21'),
(37, 'Dragon Ball Z Kai (2011)', NULL, 'Dragon Ball Z Kai (ドラゴンボール改)', 'https://www.animeka.com/animes/detail/dragon-ball-kai.html', NULL, 'SERIES', NULL, '2020-07-12 22:54:57', '2020-07-12 22:54:57'),
(38, 'Ace of Diamond', NULL, 'Dia no Ace (ダイヤのA)', 'https://www.animeka.com/animes/detail/ace-of-diamond-act-2.html', NULL, 'SERIES', NULL, '2020-07-12 22:59:18', '2020-07-12 22:59:18'),
(39, 'Ahiru no Sora', NULL, 'Ahiru no Sora (あひるの空)', 'https://www.animeka.com/animes/detail/dream-team.html', NULL, 'SERIES', NULL, '2020-07-12 23:01:15', '2020-07-12 23:01:15'),
(40, 'Breakers', NULL, 'Breakers (ブレーカーズ)', 'https://www.animeka.com/animes/detail/breakers.html', NULL, 'SERIES', NULL, '2020-07-12 23:01:58', '2020-07-12 23:01:58'),
(41, 'Chihayafuru', NULL, 'Chihayafuru (ちはやふる)', 'https://www.animeka.com/animes/detail/chihayafuru.html', NULL, 'SERIES', NULL, '2020-07-12 23:02:55', '2020-07-12 23:02:55'),
(42, 'Extra Olympia Kyklos', NULL, 'Bessatsu Olympia Kyklos', 'https://www.animeka.com/animes/detail/olympia-kyklo.html', NULL, 'SERIES', NULL, '2020-07-12 23:03:52', '2020-07-12 23:03:52'),
(43, 'Haikyu!!', NULL, 'Haikyu!! To the Top', 'https://www.animeka.com/animes/detail/haikyuu.html', NULL, 'SERIES', '2020-07-13 18:04:34', '2020-07-12 23:06:04', '2020-07-13 18:04:34'),
(44, 'Iwa Kakeru! Sport Climbing Girls', NULL, 'いわかける！ -Sport Climbing Girls-', 'https://www.animeka.com/animes/detail/iwa-kakeru-sport-climbing-girls.html', NULL, 'SERIES', NULL, '2020-07-12 23:06:46', '2020-07-12 23:06:46'),
(45, 'Major 2nd (2018)', NULL, 'メジャーセカンド', 'https://www.animeka.com/animes/detail/major-2nd.html', NULL, 'SERIES', NULL, '2020-07-12 23:07:40', '2020-07-12 23:07:40'),
(46, 'Number24', NULL, 'ナンバー・トゥーフォー', 'https://www.animeka.com/animes/detail/number24.html', NULL, 'SERIES', NULL, '2020-07-12 23:18:40', '2020-07-12 23:18:40'),
(47, 'Skate Leading Stars', NULL, 'スケートリーディング☆スターズ', 'https://www.animeka.com/animes/detail/skate-leading-stars.html', NULL, 'SERIES', NULL, '2020-07-12 23:27:45', '2020-07-12 23:27:45'),
(48, 'Tamayomi: The Baseball Girls', NULL, 'Tamayomi (球詠)', 'https://www.animeka.com/animes/detail/tamayomi.html', NULL, 'SERIES', NULL, '2020-07-12 23:28:45', '2020-07-12 23:28:45'),
(49, 'Umayon', NULL, 'Uma Yon (うまよん)', 'https://www.animeka.com/search/index.html', NULL, 'SERIES', NULL, '2020-07-12 23:29:23', '2020-07-12 23:29:23'),
(50, 'Cinderella 9', NULL, 'Hachigatsu no Cinderella Nine', 'https://www.animeka.com/animes/detail/cinderella-9.html', NULL, 'SERIES', NULL, '2020-07-12 23:30:44', '2020-07-12 23:30:44'),
(51, 'Dumbbell : Combien tu peux soulever ?', NULL, 'Dumbbell Nan Kilo Moteru ?', 'https://www.animeka.com/animes/detail/dumbbell-nan-kilo-moteru.html', NULL, 'SERIES', NULL, '2020-07-12 23:31:34', '2020-07-12 23:31:34'),
(52, 'Kandagawa Jet Girls', NULL, 'Kandagawa Jet Girls (神田川JET GIRLS)', 'https://www.animeka.com/animes/detail/kandagawa-jet-girls.html', NULL, 'SERIES', NULL, '2020-07-12 23:32:15', '2020-07-12 23:32:15'),
(53, 'MIX (2019)', NULL, 'Mix: Meisei Story (ミックス)', 'https://www.animeka.com/animes/detail/mix-meisei-story.html', NULL, 'SERIES', NULL, '2020-07-12 23:33:43', '2020-07-12 23:33:43'),
(54, 'Stars Align', NULL, 'Hoshiai no Sora', 'https://www.animeka.com/animes/detail/hoshiai-no-sora.html', NULL, 'SERIES', NULL, '2020-07-12 23:34:16', '2020-07-12 23:34:16'),
(55, 'Try Knights', NULL, 'トライナイツ', 'https://www.animeka.com/animes/detail/try-knights.html', NULL, 'SERIES', NULL, '2020-07-12 23:34:59', '2020-07-12 23:34:59'),
(56, 'Tsurune', NULL, 'Tsurune: Kazemai Koukou Kyuudou-bu', 'https://www.animeka.com/animes/detail/tsurune.html', NULL, 'SERIES', NULL, '2020-07-12 23:35:24', '2020-07-12 23:35:24'),
(57, 'Amanchu! Advance', NULL, 'Amanchu! Advance', 'https://www.animeka.com/animes/detail/amanchu-advance.html', NULL, 'SERIES', NULL, '2020-07-12 23:37:39', '2020-07-12 23:37:39'),
(58, 'Anima Yell!', NULL, 'Anima Yell!', 'https://www.animeka.com/animes/detail/anima-yell.html', NULL, 'SERIES', NULL, '2020-07-12 23:38:09', '2020-07-12 23:38:09'),
(59, 'Captain Tsubasa (2018)', NULL, 'キャプテン翼 (TV)', 'https://www.animeka.com/animes/detail/captain-tsubasa.html', NULL, 'SERIES', NULL, '2020-07-12 23:38:52', '2020-07-12 23:38:52'),
(60, 'Free!', NULL, 'Free!', 'https://www.animeka.com/animes/detail/free.html', NULL, 'SERIES', NULL, '2020-07-12 23:39:47', '2020-07-12 23:39:47'),
(61, 'Gurazeni', NULL, 'Gurazeni (グラゼニ)', 'https://www.animeka.com/animes/detail/gurazeni.html', NULL, 'SERIES', NULL, '2020-07-12 23:40:33', '2020-07-12 23:40:33'),
(62, 'Hanebado!', NULL, 'Hanebado! (はねバド!)', 'https://www.animeka.com/animes/detail/hanebado.html', NULL, 'SERIES', NULL, '2020-07-12 23:41:11', '2020-07-12 23:41:11'),
(63, 'Major 2nd', NULL, NULL, 'https://www.animeka.com/animes/detail/major-2nd.html', NULL, 'SERIES', '2020-07-12 23:42:08', '2020-07-12 23:41:48', '2020-07-12 23:42:08'),
(64, 'Megalo Box', NULL, 'Megalo Box (メガロボクス)', 'https://www.animeka.com/animes/detail/megalobox.html', NULL, 'SERIES', NULL, '2020-07-12 23:42:56', '2020-07-12 23:42:56'),
(65, 'Run with the Wind', NULL, 'Kaze ga Tsuyoku Fuiteiru', 'https://www.animeka.com/animes/detail/run-with-the-wind.html', NULL, 'SERIES', NULL, '2020-07-12 23:43:44', '2020-07-12 23:43:44'),
(66, 'Yama no Susume', NULL, 'Yama no Susume (ヤマノススメ 第3期)', 'https://www.animeka.com/animes/detail/yama-no-susume-third-saison.html', NULL, 'SERIES', NULL, '2020-07-12 23:44:53', '2020-07-12 23:44:53'),
(67, 'En selle, Sakamichi !', NULL, 'Yowamushi Pedal (弱虫ペダル)', 'https://www.animeka.com/animes/detail/yowamushi-pedal.html', NULL, 'SERIES', NULL, '2020-07-12 23:46:29', '2020-07-12 23:46:29'),
(68, 'Vinland Saga', NULL, 'Vinland Saga (ヴィンランド・サガ)', 'https://www.animeka.com/animes/detail/vinland-saga.html', NULL, 'SERIES', NULL, '2020-07-13 02:21:01', '2020-07-13 02:21:01'),
(69, 'Blood Blockade Battlefront', NULL, 'Kekkai Sensen', 'https://www.nautiljon.com/animes/kekkai+sensen/videos.html', NULL, 'SERIES', NULL, '2020-07-13 12:55:02', '2020-07-13 12:55:02'),
(70, 'Blood Blockade Battlefront & Beyond', NULL, 'Kekkai Sensen & BEYOND', 'https://www.nautiljon.com/animes/kekkai+sensen+-+beyond.html', NULL, 'SERIES', NULL, '2020-07-13 12:57:15', '2020-07-13 12:57:15'),
(71, 'GANGSTA', NULL, 'GANGSTA', 'https://www.nautiljon.com/animes/gangsta..html', NULL, 'SERIES', NULL, '2020-07-13 13:08:44', '2020-07-13 13:27:48'),
(72, 'Mob Psycho 100', NULL, 'Mob Psycho 100', 'https://www.animeka.com/animes/detail/mob-psycho-100.html', NULL, 'SERIES', NULL, '2020-07-13 13:23:48', '2020-07-13 13:27:27'),
(73, 'Sing \"Yesterday\" For Me', NULL, 'Yesterday wo Utatte', 'https://www.nautiljon.com/animes/yesterday+wo+utatte.html', NULL, 'SERIES', NULL, '2020-07-13 13:27:10', '2020-07-13 13:27:10'),
(74, 'Nichijou', NULL, 'Nichijou', 'https://www.nautiljon.com/animes/nichijou.html', NULL, 'SERIES', NULL, '2020-07-13 13:32:02', '2020-07-13 13:32:02'),
(75, 'Grand Blue', NULL, 'Grand Blue', 'https://www.nautiljon.com/animes/grand+blue.html', NULL, 'SERIES', NULL, '2020-07-13 13:35:55', '2020-07-13 13:35:55'),
(76, 'Blend S', NULL, 'Blend S', 'https://www.animeka.com/animes/detail/blend-s.html', NULL, 'SERIES', NULL, '2020-07-13 15:22:09', '2020-07-13 15:22:09'),
(77, 'xxxHOLiC', NULL, 'xxxHOLiC', 'https://www.animeka.com/animes/detail/xxxholic-tv.html', NULL, 'SERIES', NULL, '2020-07-13 15:24:56', '2020-07-13 15:24:56'),
(78, 'xxxHOLiC Kei', NULL, 'xxxHOLiC Kei', 'https://www.animeka.com/animes/detail/xxxholic-tv2.html', NULL, 'SERIES', NULL, '2020-07-13 15:31:33', '2020-07-13 15:31:33'),
(79, 'Durarara!!', NULL, 'Durarara!!', 'https://www.animeka.com/animes/detail/durarara.html', NULL, 'SERIES', NULL, '2020-07-13 15:33:47', '2020-07-13 15:33:47'),
(80, 'Durarara!!×2 Shou', NULL, 'Durarara!!×2 Shou', 'https://www.animeka.com/animes/detail/durarara-s2.html', NULL, 'SERIES', NULL, '2020-07-13 15:36:32', '2020-07-13 15:36:32'),
(81, 'Durarara!!x2 Ten (s3)', NULL, 'Durarara!!x2 Ten', 'https://www.animeka.com/animes/detail/durarara-s3.html', NULL, 'SERIES', NULL, '2020-07-13 15:37:49', '2020-07-13 15:37:49'),
(82, 'Durarara!!x2 Ketsu', NULL, 'Durarara!!x2 Ketsu', 'https://www.nautiljon.com/animes/durarara!!x2+ketsu.html', NULL, 'SERIES', NULL, '2020-07-13 15:39:12', '2020-07-13 15:39:12'),
(83, 'D.Gray-Man', NULL, 'D.Gray-Man', 'https://www.animeka.com/animes/detail/d.gray-man.html', NULL, 'SERIES', NULL, '2020-07-13 15:43:05', '2020-07-13 15:43:05'),
(84, 'Reborn !', NULL, 'Reborn !', 'https://www.animeka.com/animes/detail/hitman-reborn.html', NULL, 'SERIES', NULL, '2020-07-13 15:44:09', '2020-07-13 15:44:09'),
(85, 'Great Pretender', NULL, 'Great Pretender', 'https://www.animeka.com/animes/detail/great-pretender.html', NULL, 'SERIES', NULL, '2020-07-13 15:45:13', '2020-07-13 15:45:13'),
(86, 'Carole & Tuesday', NULL, 'Carole & Tuesday', 'https://www.animeka.com/animes/detail/carole-tuesday.html', NULL, 'SERIES', NULL, '2020-07-13 15:46:33', '2020-07-13 15:46:33'),
(87, 'Kabukichou Sherlock', NULL, 'Case file n°221 : Kabukicho', 'https://www.animeka.com/animes/detail/kabukichou-sherlock.html', NULL, 'SERIES', NULL, '2020-07-13 15:51:25', '2020-07-13 15:51:25'),
(88, 'Chobits', NULL, 'Chobits', 'https://www.animeka.com/animes/detail/chobits.html', NULL, 'SERIES', NULL, '2020-07-13 15:54:08', '2020-07-13 15:54:08'),
(89, 'Blood+', NULL, 'Blood+', 'https://www.animeka.com/animes/detail/blood-night.html', NULL, 'SERIES', NULL, '2020-07-13 15:55:23', '2020-07-13 15:55:23'),
(90, 'The Disastrous Life of Saiki K.', NULL, 'Saiki Kusuo no Sainan', 'https://www.animeka.com/animes/detail/saiki-kusuo-no-psi-nan-tv.html', NULL, 'SERIES', NULL, '2020-07-13 15:57:57', '2020-07-13 15:57:57'),
(91, 'Cowboy Bebop', NULL, 'Cowboy Bebop', 'https://www.animeka.com/animes/detail/cowboy-bebop.html', NULL, 'SERIES', NULL, '2020-07-13 15:59:11', '2020-07-13 15:59:11'),
(92, 'Tsubasa Reservoir Chronicle', NULL, 'Tsubasa Reservoir Chronicle', 'https://www.nautiljon.com/mangas/tsubasa+reservoir+chronicle.html', NULL, 'SERIES', NULL, '2020-07-13 16:11:11', '2020-07-13 16:11:11'),
(93, 'Le Maître Magicien Negima !', NULL, 'Mahou Sensei Negima!', 'https://www.animeka.com/animes/detail/negima.html', NULL, 'SERIES', NULL, '2020-07-13 16:15:59', '2020-07-13 16:15:59'),
(94, 'Re:Zero -Starting Life in Another World', NULL, 'Re: Zero Kara Hajimeru Isekai Seikatsu', 'https://www.animeka.com/animes/detail/re-zero-kara-hajimeru-isekai-seikatsu.html', NULL, 'SERIES', NULL, '2020-07-13 16:19:10', '2020-07-13 16:19:10'),
(95, 'Charlotte', NULL, 'Charlotte', 'https://www.animeka.com/animes/detail/charlotte_2015.html', NULL, 'SERIES', NULL, '2020-07-13 16:22:04', '2020-07-13 16:22:04'),
(96, 'Fire Force', NULL, 'Enen no Shouboutai', 'https://www.animeka.com/animes/detail/fire-force.html', NULL, 'SERIES', NULL, '2020-07-13 16:23:25', '2020-07-13 16:23:25'),
(97, 'Angel Beats!', NULL, 'Angel Beats!', 'https://www.animeka.com/animes/detail/angel-beats.html', NULL, 'SERIES', NULL, '2020-07-13 16:25:35', '2020-07-13 16:25:35'),
(98, 'Babylone', NULL, 'バビロン', 'https://www.nautiljon.com/animes/babylon.html', NULL, 'SERIES', NULL, '2020-07-13 17:58:26', '2020-07-13 17:58:26'),
(99, 'Lovely Complex', NULL, 'ラブ★コン', 'https://www.nautiljon.com/animes/lovely%E2%98%85complex.html', NULL, 'SERIES', NULL, '2020-07-13 18:07:58', '2020-07-13 18:07:58'),
(100, 'Dorohedoro', NULL, 'ドロヘドロ', 'https://www.nautiljon.com/animes/dorohedoro.html', NULL, 'SERIES', NULL, '2020-07-13 18:10:41', '2020-07-13 18:10:41'),
(101, 'Your Name', NULL, '君の名は', 'https://www.nautiljon.com/animes/kimi+no+na+wa..html', NULL, 'MOVIE', NULL, '2020-07-13 20:07:34', '2020-07-13 20:07:34'),
(102, 'Les enfants du temps', NULL, '天気の子', 'https://www.nautiljon.com/cinema/les+enfants+du+temps,403.html', NULL, 'MOVIE', NULL, '2020-07-13 20:09:07', '2020-07-13 20:09:07'),
(103, 'Anohana', NULL, 'あの日見た花の名前を僕達はまだ知らない', 'https://www.nautiljon.com/animes/ano+hi+mita+hana+no+namae+wo+bokutachi+wa+mada+shiranai..html', NULL, 'SERIES', NULL, '2020-07-13 20:17:58', '2020-07-13 20:17:58'),
(104, 'BEASTARS', NULL, 'ビースターズ', 'https://www.nautiljon.com/animes/beastars.html', NULL, 'SERIES', NULL, '2020-07-13 21:42:55', '2020-07-13 21:42:55'),
(105, 'Dr. STONE', NULL, 'ドクターストーン', 'https://www.nautiljon.com/animes/dr.+stone.html', NULL, 'SERIES', NULL, '2020-07-13 22:29:09', '2020-07-13 22:29:09'),
(106, 'Jormungand', NULL, 'ヨルムンガンド', 'https://www.nautiljon.com/animes/jormungand.html', NULL, 'SERIES', NULL, '2020-07-15 08:15:02', '2020-07-15 08:15:02'),
(107, 'Get Backers', NULL, 'Getbackers -Dakkanya-', 'https://www.nautiljon.com/animes/get+backers.html', NULL, 'SERIES', NULL, '2020-07-15 08:20:21', '2020-07-15 08:20:21'),
(108, 'Black Cat', NULL, NULL, 'https://www.nautiljon.com/animes/black+cat.html', NULL, 'SERIES', NULL, '2020-07-15 08:33:57', '2020-07-15 08:33:57'),
(109, 'No Guns Life', NULL, 'No Guns Life', 'https://www.nautiljon.com/animes/no+guns+life.html', NULL, 'SERIES', NULL, '2020-07-15 12:17:26', '2020-07-15 12:17:26'),
(110, 'Space Dandy', NULL, NULL, 'https://www.nautiljon.com/animes/space%E2%98%86dandy.html', NULL, 'SERIES', NULL, '2020-07-21 00:03:17', '2020-07-21 00:03:17'),
(111, 'Princess Jellyfish', NULL, 'Kuragehime', 'https://www.nautiljon.com/animes/kuragehime.html', NULL, 'SERIES', NULL, '2020-07-21 00:28:17', '2020-07-21 00:28:17'),
(112, 'Magi : The Labyrinth of Magic', NULL, NULL, 'https://www.nautiljon.com/animes/magi+-+the+labyrinth+of+magic.html', NULL, 'SERIES', NULL, '2020-07-21 00:40:55', '2020-07-21 00:40:55'),
(113, 'Magi : The Kingdom of Magic', NULL, NULL, 'https://www.nautiljon.com/animes/magi+-+the+kingdom+of+magic.html', NULL, 'SERIES', NULL, '2020-07-21 00:42:51', '2020-07-21 00:42:51'),
(114, 'Magi : Sinbad no Bouken', NULL, NULL, 'https://www.nautiljon.com/animes/magi+-+sinbad+no+bouken.html', NULL, 'OVA', '2020-07-21 21:39:19', '2020-07-21 00:45:53', '2020-07-21 21:39:19'),
(115, 'Magi : Sinbad no Bouken (TV)', NULL, NULL, 'https://www.nautiljon.com/animes/magi+-+sinbad+no+bouken+(tv).html', NULL, 'SERIES', NULL, '2020-07-21 00:46:56', '2020-07-21 00:46:56'),
(116, 'Gintama', NULL, NULL, 'https://www.nautiljon.com/animes/gintama.html', NULL, 'SERIES', NULL, '2020-07-21 21:17:18', '2020-07-21 21:17:18'),
(117, 'Ookiku Furikabutte', NULL, NULL, 'https://www.nautiljon.com/animes/ookiku+furikabutte.html', NULL, 'SERIES', NULL, '2020-07-21 21:18:59', '2020-07-21 21:18:59'),
(118, 'Fullmetal Alchemist', NULL, 'Hagane no Renkinjutsushi', 'https://www.nautiljon.com/animes/fullmetal+alchemist.html', NULL, 'SERIES', NULL, '2020-07-21 21:23:55', '2020-07-21 21:23:55'),
(119, 'Rosario + Vampire', NULL, 'Rosario to Vampire', 'https://www.nautiljon.com/animes/rosario+to+vampire.html', NULL, 'SERIES', NULL, '2020-07-21 22:01:17', '2020-07-21 22:01:17'),
(120, 'Zombie-Loan', NULL, NULL, 'https://www.nautiljon.com/animes/zombie-loan.html', NULL, 'SERIES', NULL, '2020-07-21 22:03:29', '2020-07-21 22:03:29'),
(121, 'Air Gear', NULL, NULL, 'https://www.nautiljon.com/animes/air+gear.html', NULL, 'SERIES', NULL, '2020-07-21 22:06:26', '2020-07-21 22:06:26'),
(122, 'Witchblade', NULL, NULL, 'https://www.nautiljon.com/animes/witchblade.html', NULL, 'SERIES', NULL, '2020-07-21 22:17:01', '2020-07-21 22:17:01'),
(123, 'Eyeshield 21', NULL, NULL, 'https://www.nautiljon.com/animes/eyeshield+21.html', NULL, 'SERIES', NULL, '2020-07-21 22:19:27', '2020-07-21 22:19:27'),
(124, 'Danganronpa The Animation', NULL, 'Danganronpa: Kibou no Gakuen to Zetsubou no Koukousei', 'https://www.nautiljon.com/animes/danganronpa+the+animation.html', NULL, 'SERIES', NULL, '2020-07-21 22:27:50', '2020-07-21 22:27:50'),
(125, 'Danshi Koukousei no Nichijou', NULL, NULL, 'https://www.nautiljon.com/animes/danshi+koukousei+no+nichijou.html', NULL, 'SERIES', NULL, '2020-07-21 22:30:53', '2020-07-21 22:30:53'),
(126, 'Gekkan Shoujo Nozaki-kun', NULL, NULL, 'https://www.nautiljon.com/animes/gekkan+shoujo+nozaki-kun.html', NULL, 'SERIES', NULL, '2020-07-21 22:33:48', '2020-07-21 22:33:48'),
(127, 'Nura Le seigneur des yôkai', NULL, 'Nurarihyon no Mago', 'https://www.nautiljon.com/animes/nurarihyon+no+mago.html', NULL, 'SERIES', NULL, '2020-07-21 22:40:21', '2020-07-21 22:40:21'),
(128, 'Panty & Stocking with Garterbelt', NULL, NULL, 'https://www.nautiljon.com/animes/panty+-+stocking+with+garterbelt.html', NULL, 'SERIES', NULL, '2020-07-21 22:42:32', '2020-07-21 22:42:32'),
(129, 'Pandora Hearts', NULL, NULL, 'https://www.nautiljon.com/animes/pandora+hearts.html', NULL, 'SERIES', NULL, '2020-07-21 22:45:52', '2020-07-21 22:45:52'),
(130, 'The Prince of Tennis', NULL, 'Tennis no Ouji-sama', 'https://www.nautiljon.com/animes/tennis+no+ouji-sama.html', NULL, 'SERIES', NULL, '2020-07-21 22:53:46', '2020-07-21 22:53:46'),
(131, 'Enfer et Paradis', NULL, 'Tenjou Tenge', 'https://www.nautiljon.com/animes/tenjou+tenge.html', NULL, 'SERIES', NULL, '2020-07-21 22:58:04', '2020-07-21 22:58:04'),
(132, 'Kyou Kara Maoh!', NULL, NULL, 'https://www.nautiljon.com/animes/kyou+kara+maoh!.html', NULL, 'SERIES', NULL, '2020-07-21 23:00:44', '2020-07-21 23:00:44'),
(133, 'Samurai Champloo', NULL, NULL, 'https://www.nautiljon.com/animes/samurai+champloo.html', NULL, 'SERIES', NULL, '2020-07-21 23:02:48', '2020-07-21 23:02:48'),
(134, 'Tactics', NULL, NULL, 'https://www.nautiljon.com/animes/tactics.html', NULL, 'SERIES', NULL, '2020-07-23 20:23:01', '2020-07-23 20:23:01'),
(135, 'Lucky ☆ Star', NULL, NULL, 'https://www.nautiljon.com/animes/lucky+star.html', NULL, 'SERIES', NULL, '2020-07-26 18:15:50', '2020-07-26 18:15:50'),
(136, 'Devil May Cry', NULL, NULL, 'https://www.nautiljon.com/animes/devil+may+cry.html', NULL, 'SERIES', NULL, '2020-07-26 18:18:14', '2020-07-26 18:18:14'),
(137, 'Deca-Dence', NULL, 'Deca-Dence', 'https://www.nautiljon.com/animes/deca-dence.html', NULL, 'SERIES', NULL, '2020-07-29 11:07:03', '2020-07-29 11:07:03'),
(138, 'Great Teacher Onizuka', NULL, 'グレート・ティーチャー・オニヅカ', 'https://www.nautiljon.com/mangas/gto+-+great+teacher+onizuka.html', NULL, 'SERIES', NULL, '2020-08-02 15:41:48', '2020-08-02 15:41:48'),
(139, 'Orange', NULL, 'オレンジ', 'https://www.nautiljon.com/animes/orange.html', NULL, 'SERIES', NULL, '2020-08-02 16:08:10', '2020-08-02 20:55:05'),
(140, 'Détective Conan', NULL, '名探偵コナン', 'https://www.nautiljon.com/animes/detective+conan.html', NULL, 'SERIES', NULL, '2020-08-02 16:18:03', '2020-08-02 20:55:29'),
(141, 'Blue Spring Ride', NULL, 'Ao Haru Ride / アオハライド', 'https://www.nautiljon.com/mangas/blue+spring+ride.html', NULL, 'SERIES', NULL, '2020-08-02 16:47:31', '2020-08-02 20:55:42'),
(142, 'Nana', NULL, 'ナナ', 'https://www.nautiljon.com/mangas/nana.html', NULL, 'SERIES', NULL, '2020-08-02 16:56:37', '2020-08-02 20:55:53'),
(143, 'Kaichou wa Maid Sama', NULL, 'Kaichô wa Maid-sama ! / 会長はメイド様!', 'https://www.nautiljon.com/animes/kaichou+wa+maid-sama+!.html', NULL, 'SERIES', NULL, '2020-08-02 17:19:14', '2020-08-02 20:56:13'),
(144, 'Vampire Knight', NULL, 'ヴァンパイア騎士', 'https://www.nautiljon.com/mangas/vampire+knight.html', NULL, 'SERIES', NULL, '2020-08-02 17:30:36', '2020-08-02 20:56:24'),
(145, 'panier de fruits', NULL, 'フルーツバスケット', 'https://www.nautiljon.com/mangas/fruits+basket.html', NULL, 'SERIES', NULL, '2020-08-04 11:55:35', '2020-08-04 11:55:35'),
(146, 'Ranma 1/2', NULL, 'らんま１／２', 'https://www.nautiljon.com/mangas/ranma+%C2%BD.html', NULL, 'SERIES', NULL, '2020-08-04 12:15:11', '2020-08-04 12:15:11'),
(147, 'Food wars', NULL, 'Shokugeki no Sōma / 食戟のソーマ', 'https://www.nautiljon.com/mangas/food+wars+!.html', NULL, 'SERIES', NULL, '2020-08-04 12:54:09', '2020-08-27 20:13:51'),
(148, 'La fille des enfers', NULL, '地獄少女', 'https://www.nautiljon.com/mangas/la+fille+des+enfers.html', NULL, 'SERIES', NULL, '2020-08-05 18:41:11', '2020-08-05 18:41:11'),
(149, 'Kirarin Révolution', NULL, 'きらりん☆レボリューション', 'https://www.nautiljon.com/mangas/kilari.html', NULL, 'SERIES', NULL, '2020-08-05 19:45:17', '2020-08-05 19:55:16'),
(150, 'Suteki Tantei Labyrinth', NULL, 'Suteki Tantei Labyrinth', 'https://www.nautiljon.com/animes/suteki+tantei+labyrinth.html', NULL, 'SERIES', NULL, '2020-08-05 20:32:35', '2020-08-05 20:32:35'),
(151, 'Kakushigoto', NULL, 'かくしごと', 'https://www.nautiljon.com/animes/kakushigoto.html', NULL, 'SERIES', NULL, '2020-08-06 18:16:02', '2020-08-06 18:16:02'),
(152, '22/7', NULL, 'ナナブンノニジュウニ', 'https://www.nautiljon.com/animes/22-7.html', NULL, 'SERIES', NULL, '2020-08-06 18:22:26', '2020-08-06 18:22:26'),
(153, 'Boku no Tonari ni Ankoku Hakaishin ga Imasu.', NULL, 'ぼくのとなりに暗黒破壊神がいます.', 'https://www.nautiljon.com/animes/boku+no+tonari+ni+ankoku+hakaishin+ga+imasu..html', NULL, 'SERIES', NULL, '2020-08-06 18:33:03', '2020-08-06 18:33:03'),
(154, 'Kyokou Suiri', NULL, '虚構推理', 'https://www.nautiljon.com/animes/kyokou+suiri.html', NULL, 'SERIES', NULL, '2020-08-06 18:41:19', '2020-08-06 18:41:19'),
(155, 'Kyochuu Rettou Movie', NULL, '劇場版 巨蟲列島', 'https://www.nautiljon.com/animes/kyochuu+rettou+movie.html', NULL, 'SERIES', '2020-08-06 18:51:14', '2020-08-06 18:49:05', '2020-08-06 18:51:14'),
(156, 'Haikyu !! To the Top', NULL, 'ハイキュー!! TO THE TOP', 'https://www.nautiljon.com/animes/haikyu+!!+to+the+top.html', NULL, 'SERIES', '2020-08-06 18:58:02', '2020-08-06 18:52:29', '2020-08-06 18:58:02'),
(157, 'Toaru Kagaku no Railgun T', NULL, 'とある科学の超電磁砲[レールガン]T', 'https://www.nautiljon.com/animes/toaru+kagaku+no+railgun+t.html', NULL, 'SERIES', NULL, '2020-08-06 18:59:58', '2020-08-06 19:08:23'),
(158, 'Watashi, Nouryoku wa Heikinchi de tte Itta yo ne!', NULL, '私、能力は平均値でって言ったよね!', 'https://www.nautiljon.com/animes/watashi,+nouryoku+wa+heikinchi+de+tte+itta+yo+ne!.html', NULL, 'SERIES', NULL, '2020-08-06 19:14:27', '2020-08-06 19:14:27'),
(159, 'Kawaikereba Hentai demo Suki ni Natte Kuremasu ka?', NULL, '可愛ければ変態でも好きになってくれますか?', 'https://www.nautiljon.com/animes/kawaikereba+hentai+demo+suki+ni+natte+kuremasu+ka-.html', NULL, 'SERIES', '2020-08-06 19:35:24', '2020-08-06 19:33:14', '2020-08-06 19:35:24'),
(160, 'Koukou Hoshi Kageki - Starmyu', NULL, '高校星歌劇[スタミュ]', 'https://www.nautiljon.com/animes/koukou+hoshi+kageki+-+starmyu.html', NULL, 'SERIES', NULL, '2020-08-06 19:37:32', '2020-08-06 19:37:32'),
(161, 'Sarazanmai', NULL, 'さらざんまい', 'https://www.nautiljon.com/animes/sarazanmai.html', NULL, 'SERIES', NULL, '2020-08-06 19:45:35', '2020-08-06 19:45:35'),
(162, 'Tower of god', NULL, 'Kami no Tou', 'https://www.animeka.com/animes/detail/tower-of-god.html', NULL, 'SERIES', NULL, '2020-08-26 13:43:53', '2020-08-26 13:43:53'),
(163, 'The Seven Deadly Sins', NULL, 'Nanatsu No Taizai / 七つの大罪', 'https://www.nautiljon.com/animes/nanatsu+no+taizai.html', NULL, 'SERIES', NULL, '2020-09-01 10:45:51', '2020-09-01 10:45:51'),
(164, 'Cautious Hero: The Hero Is Overpowered but Overly Cautious', NULL, 'Shinchou Yuusha: Kono Yuusha ga Ore Tueee Kuse ni Shinchou Sugiru', 'https://www.nautiljon.com/animes/kono+yuusha+ga+ore+tueee+kuse+ni+shinchou+sugiru.html', NULL, 'SERIES', NULL, '2020-09-05 11:12:55', '2020-09-05 11:12:55'),
(165, 'Hakata Pork Bones Ramens', NULL, 'Hakata Tonkotsu Ramens', 'https://www.nautiljon.com/animes/hakata+tonkotsu+ramens.html', NULL, 'SERIES', NULL, '2020-09-25 14:50:51', '2020-09-25 14:50:51'),
(166, 'jojo bizzare adventure', NULL, 'JoJo no Kimyou na Bouken', 'https://www.nautiljon.com/mangas/jojo-s+bizarre+adventure.html', NULL, 'SERIES', NULL, '2020-10-15 07:44:43', '2020-10-15 07:44:43'),
(167, 'The promised neverland', NULL, 'Yakusoku no Neverland', 'https://www.nautiljon.com/mangas/the+promised+neverland.html', NULL, 'SERIES', NULL, '2020-10-15 07:58:26', '2020-10-15 07:58:26'),
(168, 'Haikyu', NULL, 'Haikyū', 'https://www.nautiljon.com/lyrics/haikyu+!!+2nd+season/fly+high!!.html', NULL, 'SERIES', '2022-01-11 12:41:54', '2020-10-19 08:49:19', '2022-01-11 12:41:54'),
(169, 'One punch man', NULL, 'THE HERO!!', 'https://www.nautiljon.com/animes/one+punch-man.html', NULL, 'SERIES', NULL, '2020-10-19 10:27:24', '2020-10-19 10:27:24'),
(170, 'Given', NULL, 'ギヴン', 'https://www.nautiljon.com/animes/given.html', NULL, 'SERIES', NULL, '2020-10-22 08:46:37', '2020-10-22 08:46:37'),
(171, 'Class President is a Maid !', NULL, 'Kaichô wa Maid-sama !', 'https://www.nautiljon.com/animes/kaichou+wa+maid-sama+!.html', NULL, 'SERIES', NULL, '2020-10-22 09:19:19', '2020-10-22 09:19:19'),
(172, 'Sawako, Kimi ni Todoke', NULL, '君に届け / 君に届け', 'https://www.nautiljon.com/animes/kimi+ni+todoke.html', NULL, 'SERIES', NULL, '2020-10-22 09:23:17', '2020-10-22 09:23:17'),
(173, 'Le garçon d\'a coté', NULL, 'Tonari No Kaibutsu-kun', 'https://www.nautiljon.com/animes/tonari+no+kaibutsu-kun.html', NULL, 'SERIES', NULL, '2020-10-22 09:27:01', '2020-10-22 09:27:01'),
(174, 'Chocolat et Vanilla', NULL, 'Sugar Sugar rune', 'https://www.nautiljon.com/mangas/chocola+et+vanilla.html', NULL, 'SERIES', NULL, '2020-10-23 07:41:54', '2020-10-23 07:41:54'),
(175, 'Assassination Classroom', NULL, 'Ansatsu Kyôshitsu', 'https://www.nautiljon.com/animes/ansatsu+kyoushitsu.html', NULL, 'SERIES', NULL, '2020-10-23 12:56:30', '2020-10-23 12:56:30'),
(176, 'D Gray man', NULL, 'Dī Gureiman', 'https://www.nautiljon.com/animes/d.gray-man.html', NULL, 'SERIES', NULL, '2020-11-06 15:31:12', '2020-11-06 15:31:12'),
(177, 'Les enquêtes de Kindaichi', NULL, 'Kindaichi Shounen no Jikenbo', 'https://www.nautiljon.com/lyrics/kindaichi+shounen+no+jikenbo/confused+memories.html', NULL, 'SERIES', NULL, '2020-11-10 15:45:10', '2020-11-10 15:45:10'),
(178, 'BTOOOM', NULL, 'ブトゥーム', 'https://www.nautiljon.com/animes/btooom!.html', NULL, 'SERIES', NULL, '2020-11-12 11:42:25', '2020-11-12 11:42:25'),
(179, 'Deadman wanderland', NULL, 'デッドマン・ワンダーランド', 'https://www.nautiljon.com/animes/deadman+wonderland.html', NULL, 'SERIES', NULL, '2020-11-12 11:46:57', '2020-11-12 11:46:57'),
(180, 'Kuroko\'s Basket', NULL, '黒子のバスケ 3', 'https://www.nautiljon.com/animes/kuroko+no+basket+3.html', NULL, 'SERIES', NULL, '2020-11-12 11:56:35', '2020-11-12 11:56:35'),
(181, 'Buzzer Beater', NULL, 'ブザービーター', 'https://www.nautiljon.com/animes/buzzer+beater+(2007).html', NULL, 'SERIES', NULL, '2020-11-12 12:06:47', '2020-11-12 12:06:47'),
(182, 'Angels of Death', NULL, 'Satsuriku no Tenshi', 'https://www.nautiljon.com/animes/satsuriku+no+tenshi.html', NULL, 'SERIES', NULL, '2020-11-28 22:02:42', '2020-11-28 22:02:42'),
(183, 'Monogatari Series Second', NULL, 'アイヲウタエ', 'https://www.nautiljon.com/lyrics/monogatari+series+second+season/ai+wo+utae.html', NULL, 'SERIES', NULL, '2021-01-29 14:14:04', '2021-01-29 14:14:04'),
(184, 'Jujutsu Kaisen', NULL, '呪術廻戦', 'https://www.nautiljon.com/mangas/jujutsu+kaisen.html', NULL, 'SERIES', NULL, '2021-01-29 20:34:36', '2021-01-29 20:34:36'),
(185, 'Akame ga Kill!', NULL, 'アカメが斬る!', 'https://www.nautiljon.com/animes/akame+ga+kill!.html', NULL, 'SERIES', NULL, '2021-01-29 20:54:55', '2021-01-29 20:54:55'),
(186, 'Boku dake ga Inai Machi', NULL, '僕だけがいない街', 'https://www.nautiljon.com/animes/boku+dake+ga+inai+machi.html', NULL, 'SERIES', NULL, '2021-01-29 21:04:19', '2021-01-29 21:05:42'),
(187, 'Soul eater', NULL, 'ソウルイーター', 'https://www.nautiljon.com/animes/soul+eater.html', NULL, 'SERIES', NULL, '2021-01-29 21:10:42', '2021-01-29 21:10:42'),
(188, 'Ippo', NULL, 'Hajime no Ippo / はじめの一歩', 'https://www.nautiljon.com/mangas/ippo.html', NULL, 'SERIES', NULL, '2021-01-29 21:20:50', '2021-01-29 21:20:50'),
(189, 'Parasite', NULL, 'Parasyte / Kiseiju', 'https://www.nautiljon.com/mangas/parasite.html', NULL, 'SERIES', NULL, '2021-02-25 11:32:27', '2021-02-25 11:32:27'),
(190, 'Psycho-Pass', NULL, 'サイコパス', 'https://www.nautiljon.com/animes/psycho-pass.html', NULL, 'SERIES', NULL, '2021-02-25 11:47:02', '2021-02-25 11:47:02'),
(191, 'Initial D', NULL, 'Initial D', 'https://www.nautiljon.com/mangas/initial+d.html', NULL, 'SERIES', NULL, '2022-01-10 10:09:40', '2022-01-10 10:09:40'),
(192, 'Erased', NULL, 'Erased', 'https://www.nautiljon.com/mangas/erased.html', NULL, 'SERIES', NULL, '2022-01-10 10:21:48', '2022-01-10 10:21:48'),
(193, 'Les Chevaliers Du Zodiaque', NULL, 'Saint Seiya', 'https://www.nautiljon.com/animes/saint+seiya.html', NULL, 'SERIES', NULL, '2022-01-10 10:37:29', '2022-01-10 10:37:29'),
(194, 'Inazuma Eleven', NULL, 'Inazuma Eleven', 'https://www.nautiljon.com/animes/inazuma+eleven.html', NULL, 'SERIES', NULL, '2022-01-10 12:19:41', '2022-01-10 12:19:41'),
(195, 'No Game, No Life', NULL, 'No Game, No Life', 'https://www.nautiljon.com/animes/no+game,+no+life.html', NULL, 'SERIES', NULL, '2022-01-10 12:25:54', '2022-01-10 12:25:54'),
(196, 'Another', NULL, 'Another', 'https://www.nautiljon.com/animes/another.html', NULL, 'SERIES', NULL, '2022-01-10 12:31:20', '2022-01-10 12:31:20'),
(197, 'Tokyo Revenger', NULL, 'Tokyo Revenger', 'https://www.nautiljon.com/mangas/tokyo+revengers.html', NULL, 'SERIES', NULL, '2022-01-10 12:38:16', '2022-01-10 12:38:16'),
(198, 'Ranking of King', NULL, 'Ousama Ranking', 'https://www.nautiljon.com/animes/ousama+ranking.html', NULL, 'SERIES', NULL, '2022-01-10 12:48:07', '2022-01-10 12:48:07'),
(199, 'Blue Period', NULL, 'Blue Period', 'https://www.nautiljon.com/mangas/blue+period.html', NULL, 'SERIES', NULL, '2022-01-10 13:05:46', '2022-01-10 13:05:46'),
(200, 'Nicky Larson', NULL, 'City Hunter', 'https://www.nautiljon.com/animes/city+hunter.html', NULL, 'SERIES', NULL, '2022-01-12 13:44:29', '2022-01-12 13:44:29'),
(201, 'Tokyo Revengers', NULL, '東京リベンジャーズ', 'https://www.animeka.com/animes/detail/tokyo-revengers.html', NULL, 'SERIES', '2022-05-12 13:23:12', '2022-05-12 13:20:35', '2022-05-12 13:23:12');

-- --------------------------------------------------------

--
-- Structure de la table `artistables`
--

CREATE TABLE `artistables` (
  `artist_id` bigint(20) UNSIGNED NOT NULL,
  `artistable_id` bigint(20) UNSIGNED NOT NULL,
  `artistable_type` varchar(32) NOT NULL
) ENGINE=InnoDB DEFAULT CHARSET=utf8mb4 COLLATE=utf8mb4_unicode_ci;

--
-- Déchargement des données de la table `artistables`
--

INSERT INTO `artistables` (`artist_id`, `artistable_id`, `artistable_type`) VALUES
(3, 1, 'App\\Models\\Video'),
(3, 2, 'App\\Models\\Video'),
(10, 3, 'App\\Models\\Video'),
(10, 4, 'App\\Models\\Video'),
(12, 5, 'App\\Models\\Video'),
(11, 5, 'App\\Models\\Video'),
(12, 6, 'App\\Models\\Video'),
(11, 6, 'App\\Models\\Video'),
(14, 7, 'App\\Models\\Video'),
(13, 8, 'App\\Models\\Video'),
(15, 9, 'App\\Models\\Video'),
(16, 10, 'App\\Models\\Video'),
(19, 11, 'App\\Models\\Video'),
(17, 12, 'App\\Models\\Video'),
(4, 13, 'App\\Models\\Video'),
(20, 14, 'App\\Models\\Video'),
(1, 15, 'App\\Models\\Video'),
(21, 16, 'App\\Models\\Video'),
(20, 17, 'App\\Models\\Video'),
(18, 18, 'App\\Models\\Video'),
(24, 20, 'App\\Models\\Video'),
(25, 21, 'App\\Models\\Video'),
(26, 22, 'App\\Models\\Video'),
(27, 23, 'App\\Models\\Video'),
(27, 24, 'App\\Models\\Video'),
(22, 25, 'App\\Models\\Video'),
(28, 26, 'App\\Models\\Video'),
(13, 27, 'App\\Models\\Video'),
(15, 28, 'App\\Models\\Video'),
(16, 29, 'App\\Models\\Video'),
(19, 30, 'App\\Models\\Video'),
(4, 31, 'App\\Models\\Video'),
(20, 32, 'App\\Models\\Video'),
(1, 33, 'App\\Models\\Video'),
(21, 34, 'App\\Models\\Video'),
(20, 35, 'App\\Models\\Video'),
(13, 36, 'App\\Models\\Video'),
(18, 37, 'App\\Models\\Video'),
(29, 38, 'App\\Models\\Video'),
(22, 39, 'App\\Models\\Video'),
(28, 40, 'App\\Models\\Video'),
(13, 41, 'App\\Models\\Video'),
(30, 42, 'App\\Models\\Video'),
(30, 43, 'App\\Models\\Video'),
(31, 44, 'App\\Models\\Video'),
(32, 45, 'App\\Models\\Video'),
(33, 46, 'App\\Models\\Video'),
(4, 47, 'App\\Models\\Video'),
(34, 48, 'App\\Models\\Video'),
(35, 49, 'App\\Models\\Video'),
(37, 50, 'App\\Models\\Video'),
(38, 51, 'App\\Models\\Video'),
(39, 52, 'App\\Models\\Video'),
(40, 53, 'App\\Models\\Video'),
(41, 54, 'App\\Models\\Video'),
(42, 55, 'App\\Models\\Video'),
(43, 56, 'App\\Models\\Video'),
(44, 57, 'App\\Models\\Video'),
(45, 58, 'App\\Models\\Video'),
(46, 59, 'App\\Models\\Video'),
(47, 60, 'App\\Models\\Video'),
(34, 61, 'App\\Models\\Video'),
(43, 62, 'App\\Models\\Video'),
(48, 63, 'App\\Models\\Video'),
(49, 64, 'App\\Models\\Video'),
(50, 65, 'App\\Models\\Video'),
(51, 66, 'App\\Models\\Video'),
(52, 67, 'App\\Models\\Video'),
(53, 68, 'App\\Models\\Video'),
(26, 69, 'App\\Models\\Video'),
(20, 70, 'App\\Models\\Video'),
(54, 71, 'App\\Models\\Video'),
(54, 72, 'App\\Models\\Video'),
(55, 73, 'App\\Models\\Video'),
(55, 74, 'App\\Models\\Video'),
(55, 75, 'App\\Models\\Video'),
(55, 76, 'App\\Models\\Video'),
(56, 77, 'App\\Models\\Video'),
(56, 78, 'App\\Models\\Video'),
(58, 79, 'App\\Models\\Video'),
(61, 80, 'App\\Models\\Video'),
(71, 80, 'App\\Models\\Video'),
(72, 82, 'App\\Models\\Video'),
(72, 83, 'App\\Models\\Video'),
(73, 84, 'App\\Models\\Video'),
(74, 85, 'App\\Models\\Video'),
(3, 86, 'App\\Models\\Video'),
(3, 87, 'App\\Models\\Video'),
(75, 88, 'App\\Models\\Video'),
(75, 89, 'App\\Models\\Video'),
(76, 90, 'App\\Models\\Video'),
(76, 91, 'App\\Models\\Video'),
(76, 92, 'App\\Models\\Video'),
(76, 93, 'App\\Models\\Video'),
(77, 94, 'App\\Models\\Video'),
(77, 95, 'App\\Models\\Video'),
(78, 96, 'App\\Models\\Video'),
(79, 97, 'App\\Models\\Video'),
(80, 98, 'App\\Models\\Video'),
(81, 99, 'App\\Models\\Video'),
(82, 100, 'App\\Models\\Video'),
(83, 101, 'App\\Models\\Video'),
(84, 102, 'App\\Models\\Video'),
(22, 103, 'App\\Models\\Video'),
(85, 104, 'App\\Models\\Video'),
(22, 105, 'App\\Models\\Video'),
(22, 106, 'App\\Models\\Video'),
(88, 111, 'App\\Models\\Video'),
(6, 113, 'App\\Models\\Video'),
(90, 114, 'App\\Models\\Video'),
(91, 116, 'App\\Models\\Video'),
(92, 118, 'App\\Models\\Video'),
(93, 119, 'App\\Models\\Video'),
(95, 120, 'App\\Models\\Video'),
(94, 121, 'App\\Models\\Video'),
(95, 122, 'App\\Models\\Video'),
(96, 123, 'App\\Models\\Video'),
(96, 124, 'App\\Models\\Video'),
(96, 125, 'App\\Models\\Video'),
(96, 126, 'App\\Models\\Video'),
(96, 127, 'App\\Models\\Video'),
(96, 128, 'App\\Models\\Video'),
(95, 129, 'App\\Models\\Video'),
(94, 130, 'App\\Models\\Video'),
(95, 131, 'App\\Models\\Video'),
(97, 133, 'App\\Models\\Video'),
(97, 134, 'App\\Models\\Video'),
(98, 135, 'App\\Models\\Video'),
(40, 136, 'App\\Models\\Video'),
(46, 137, 'App\\Models\\Video'),
(22, 138, 'App\\Models\\Video'),
(99, 139, 'App\\Models\\Video'),
(18, 140, 'App\\Models\\Video'),
(100, 141, 'App\\Models\\Video'),
(101, 142, 'App\\Models\\Video'),
(102, 143, 'App\\Models\\Video'),
(22, 144, 'App\\Models\\Video'),
(28, 145, 'App\\Models\\Video'),
(20, 146, 'App\\Models\\Video'),
(93, 147, 'App\\Models\\Video'),
(50, 148, 'App\\Models\\Video'),
(130, 149, 'App\\Models\\Video'),
(123, 150, 'App\\Models\\Video'),
(131, 151, 'App\\Models\\Video'),
(123, 152, 'App\\Models\\Video'),
(133, 154, 'App\\Models\\Video'),
(134, 155, 'App\\Models\\Video'),
(135, 156, 'App\\Models\\Video'),
(136, 157, 'App\\Models\\Video'),
(137, 158, 'App\\Models\\Video'),
(138, 158, 'App\\Models\\Video'),
(102, 159, 'App\\Models\\Video'),
(140, 160, 'App\\Models\\Video'),
(141, 161, 'App\\Models\\Video'),
(140, 162, 'App\\Models\\Video'),
(141, 164, 'App\\Models\\Video'),
(142, 166, 'App\\Models\\Video'),
(143, 167, 'App\\Models\\Video'),
(143, 168, 'App\\Models\\Video'),
(89, 169, 'App\\Models\\Video'),
(89, 170, 'App\\Models\\Video'),
(144, 171, 'App\\Models\\Video'),
(145, 172, 'App\\Models\\Video'),
(148, 173, 'App\\Models\\Video'),
(75, 174, 'App\\Models\\Video'),
(147, 175, 'App\\Models\\Video'),
(151, 176, 'App\\Models\\Video'),
(152, 177, 'App\\Models\\Video'),
(153, 178, 'App\\Models\\Video'),
(154, 179, 'App\\Models\\Video'),
(155, 180, 'App\\Models\\Video'),
(156, 181, 'App\\Models\\Video'),
(157, 182, 'App\\Models\\Video'),
(153, 183, 'App\\Models\\Video'),
(151, 184, 'App\\Models\\Video'),
(158, 185, 'App\\Models\\Video'),
(160, 186, 'App\\Models\\Video'),
(162, 187, 'App\\Models\\Video'),
(161, 188, 'App\\Models\\Video'),
(159, 189, 'App\\Models\\Video'),
(164, 190, 'App\\Models\\Video'),
(165, 191, 'App\\Models\\Video'),
(166, 192, 'App\\Models\\Video'),
(167, 194, 'App\\Models\\Video'),
(168, 195, 'App\\Models\\Video'),
(171, 197, 'App\\Models\\Video'),
(170, 198, 'App\\Models\\Video'),
(171, 199, 'App\\Models\\Video'),
(170, 200, 'App\\Models\\Video'),
(172, 201, 'App\\Models\\Video'),
(173, 202, 'App\\Models\\Video'),
(173, 203, 'App\\Models\\Video'),
(174, 204, 'App\\Models\\Video'),
(176, 205, 'App\\Models\\Video'),
(177, 206, 'App\\Models\\Video'),
(177, 207, 'App\\Models\\Video'),
(177, 208, 'App\\Models\\Video'),
(180, 209, 'App\\Models\\Video'),
(177, 210, 'App\\Models\\Video'),
(177, 211, 'App\\Models\\Video'),
(177, 212, 'App\\Models\\Video'),
(177, 213, 'App\\Models\\Video'),
(177, 214, 'App\\Models\\Video'),
(177, 215, 'App\\Models\\Video'),
(182, 217, 'App\\Models\\Video'),
(183, 218, 'App\\Models\\Video'),
(185, 219, 'App\\Models\\Video'),
(184, 220, 'App\\Models\\Video'),
(190, 221, 'App\\Models\\Video'),
(189, 222, 'App\\Models\\Video'),
(188, 223, 'App\\Models\\Video'),
(187, 224, 'App\\Models\\Video'),
(187, 225, 'App\\Models\\Video'),
(191, 226, 'App\\Models\\Video'),
(192, 227, 'App\\Models\\Video'),
(193, 228, 'App\\Models\\Video'),
(194, 229, 'App\\Models\\Video'),
(196, 232, 'App\\Models\\Video'),
(195, 233, 'App\\Models\\Video'),
(195, 234, 'App\\Models\\Video'),
(197, 235, 'App\\Models\\Video'),
(198, 236, 'App\\Models\\Video'),
(199, 237, 'App\\Models\\Video'),
(201, 238, 'App\\Models\\Video'),
(200, 239, 'App\\Models\\Video'),
(202, 240, 'App\\Models\\Video'),
(203, 241, 'App\\Models\\Video'),
(207, 242, 'App\\Models\\Video'),
(206, 242, 'App\\Models\\Video'),
(205, 242, 'App\\Models\\Video'),
(204, 242, 'App\\Models\\Video'),
(209, 243, 'App\\Models\\Video'),
(208, 243, 'App\\Models\\Video'),
(210, 244, 'App\\Models\\Video'),
(6, 245, 'App\\Models\\Video'),
(213, 246, 'App\\Models\\Video'),
(214, 247, 'App\\Models\\Video'),
(215, 247, 'App\\Models\\Video'),
(215, 248, 'App\\Models\\Video'),
(214, 248, 'App\\Models\\Video'),
(216, 249, 'App\\Models\\Video'),
(214, 251, 'App\\Models\\Video'),
(215, 251, 'App\\Models\\Video'),
(218, 252, 'App\\Models\\Video'),
(218, 253, 'App\\Models\\Video'),
(220, 254, 'App\\Models\\Video'),
(219, 254, 'App\\Models\\Video'),
(219, 255, 'App\\Models\\Video'),
(220, 255, 'App\\Models\\Video'),
(26, 256, 'App\\Models\\Video'),
(26, 257, 'App\\Models\\Video'),
(221, 258, 'App\\Models\\Video'),
(221, 259, 'App\\Models\\Video'),
(222, 260, 'App\\Models\\Video'),
(222, 261, 'App\\Models\\Video'),
(223, 262, 'App\\Models\\Video'),
(223, 263, 'App\\Models\\Video'),
(226, 266, 'App\\Models\\Video'),
(16, 267, 'App\\Models\\Video'),
(75, 268, 'App\\Models\\Video'),
(144, 269, 'App\\Models\\Video'),
(228, 270, 'App\\Models\\Video'),
(229, 271, 'App\\Models\\Video'),
(218, 274, 'App\\Models\\Video'),
(221, 275, 'App\\Models\\Video'),
(234, 281, 'App\\Models\\Video'),
(108, 282, 'App\\Models\\Video'),
(235, 283, 'App\\Models\\Video'),
(236, 284, 'App\\Models\\Video'),
(144, 285, 'App\\Models\\Video'),
(237, 286, 'App\\Models\\Video'),
(238, 287, 'App\\Models\\Video'),
(202, 288, 'App\\Models\\Video'),
(239, 289, 'App\\Models\\Video'),
(240, 290, 'App\\Models\\Video'),
(6, 291, 'App\\Models\\Video'),
(22, 292, 'App\\Models\\Video'),
(241, 293, 'App\\Models\\Video'),
(142, 294, 'App\\Models\\Video'),
(243, 295, 'App\\Models\\Video'),
(244, 296, 'App\\Models\\Video'),
(138, 297, 'App\\Models\\Video'),
(246, 299, 'App\\Models\\Video'),
(247, 300, 'App\\Models\\Video'),
(202, 301, 'App\\Models\\Video'),
(248, 302, 'App\\Models\\Video'),
(250, 304, 'App\\Models\\Video'),
(150, 305, 'App\\Models\\Video'),
(252, 306, 'App\\Models\\Video'),
(253, 307, 'App\\Models\\Video'),
(246, 308, 'App\\Models\\Video'),
(254, 309, 'App\\Models\\Video'),
(255, 310, 'App\\Models\\Video'),
(256, 311, 'App\\Models\\Video'),
(257, 312, 'App\\Models\\Video'),
(16, 313, 'App\\Models\\Video'),
(30, 314, 'App\\Models\\Video'),
(258, 315, 'App\\Models\\Video'),
(259, 316, 'App\\Models\\Video'),
(258, 317, 'App\\Models\\Video'),
(260, 318, 'App\\Models\\Video'),
(261, 319, 'App\\Models\\Video'),
(262, 320, 'App\\Models\\Video'),
(263, 321, 'App\\Models\\Video'),
(264, 322, 'App\\Models\\Video'),
(263, 323, 'App\\Models\\Video'),
(265, 324, 'App\\Models\\Video'),
(262, 325, 'App\\Models\\Video'),
(266, 326, 'App\\Models\\Video'),
(267, 327, 'App\\Models\\Video'),
(268, 328, 'App\\Models\\Video'),
(269, 329, 'App\\Models\\Video'),
(270, 330, 'App\\Models\\Video'),
(271, 331, 'App\\Models\\Video'),
(272, 332, 'App\\Models\\Video'),
(273, 333, 'App\\Models\\Video'),
(274, 334, 'App\\Models\\Video'),
(275, 335, 'App\\Models\\Video'),
(276, 336, 'App\\Models\\Video'),
(16, 337, 'App\\Models\\Video'),
(4, 338, 'App\\Models\\Video'),
(13, 339, 'App\\Models\\Video'),
(36, 340, 'App\\Models\\Video'),
(39, 341, 'App\\Models\\Video'),
(6, 342, 'App\\Models\\Video'),
(46, 343, 'App\\Models\\Video'),
(277, 344, 'App\\Models\\Video'),
(114, 345, 'App\\Models\\Video'),
(6, 346, 'App\\Models\\Video'),
(107, 347, 'App\\Models\\Video'),
(278, 348, 'App\\Models\\Video'),
(279, 349, 'App\\Models\\Video'),
(15, 350, 'App\\Models\\Video'),
(280, 351, 'App\\Models\\Video'),
(281, 352, 'App\\Models\\Video'),
(282, 353, 'App\\Models\\Video'),
(111, 354, 'App\\Models\\Video'),
(283, 355, 'App\\Models\\Video'),
(284, 356, 'App\\Models\\Video'),
(285, 357, 'App\\Models\\Video'),
(286, 358, 'App\\Models\\Video'),
(287, 359, 'App\\Models\\Video'),
(278, 360, 'App\\Models\\Video'),
(39, 361, 'App\\Models\\Video'),
(288, 362, 'App\\Models\\Video'),
(289, 363, 'App\\Models\\Video'),
(290, 364, 'App\\Models\\Video'),
(291, 365, 'App\\Models\\Video'),
(292, 366, 'App\\Models\\Video'),
(293, 367, 'App\\Models\\Video'),
(294, 368, 'App\\Models\\Video'),
(295, 369, 'App\\Models\\Video'),
(296, 370, 'App\\Models\\Video'),
(298, 371, 'App\\Models\\Video'),
(299, 372, 'App\\Models\\Video'),
(300, 373, 'App\\Models\\Video'),
(102, 374, 'App\\Models\\Video'),
(29, 375, 'App\\Models\\Video'),
(46, 376, 'App\\Models\\Video'),
(301, 377, 'App\\Models\\Video'),
(273, 378, 'App\\Models\\Video'),
(302, 379, 'App\\Models\\Video'),
(303, 380, 'App\\Models\\Video'),
(304, 381, 'App\\Models\\Video'),
(305, 382, 'App\\Models\\Video'),
(306, 383, 'App\\Models\\Video'),
(74, 384, 'App\\Models\\Video'),
(270, 385, 'App\\Models\\Video'),
(307, 386, 'App\\Models\\Video'),
(308, 387, 'App\\Models\\Video'),
(74, 388, 'App\\Models\\Video'),
(309, 389, 'App\\Models\\Video'),
(272, 390, 'App\\Models\\Video'),
(74, 391, 'App\\Models\\Video'),
(310, 392, 'App\\Models\\Video'),
(311, 393, 'App\\Models\\Video'),
(311, 394, 'App\\Models\\Video'),
(312, 395, 'App\\Models\\Video'),
(313, 396, 'App\\Models\\Video'),
(314, 397, 'App\\Models\\Video'),
(315, 398, 'App\\Models\\Video'),
(316, 399, 'App\\Models\\Video'),
(317, 400, 'App\\Models\\Video'),
(318, 401, 'App\\Models\\Video'),
(319, 402, 'App\\Models\\Video'),
(320, 403, 'App\\Models\\Video'),
(225, 404, 'App\\Models\\Video'),
(244, 405, 'App\\Models\\Video'),
(321, 406, 'App\\Models\\Video'),
(321, 407, 'App\\Models\\Video'),
(322, 408, 'App\\Models\\Video'),
(323, 409, 'App\\Models\\Video'),
(324, 410, 'App\\Models\\Video'),
(323, 411, 'App\\Models\\Video'),
(325, 412, 'App\\Models\\Video'),
(6, 413, 'App\\Models\\Video'),
(326, 414, 'App\\Models\\Video'),
(327, 415, 'App\\Models\\Video'),
(225, 416, 'App\\Models\\Video'),
(327, 417, 'App\\Models\\Video'),
(335, 418, 'App\\Models\\Video'),
(335, 419, 'App\\Models\\Video'),
(336, 420, 'App\\Models\\Video'),
(337, 421, 'App\\Models\\Video'),
(95, 422, 'App\\Models\\Video'),
(96, 423, 'App\\Models\\Video'),
(57, 424, 'App\\Models\\Video'),
(338, 425, 'App\\Models\\Video'),
(339, 426, 'App\\Models\\Video'),
(340, 427, 'App\\Models\\Video'),
(341, 428, 'App\\Models\\Video'),
(339, 429, 'App\\Models\\Video'),
(1, 430, 'App\\Models\\Video'),
(342, 431, 'App\\Models\\Video'),
(343, 432, 'App\\Models\\Video'),
(344, 433, 'App\\Models\\Video'),
(277, 434, 'App\\Models\\Video'),
(345, 435, 'App\\Models\\Video'),
(48, 436, 'App\\Models\\Video'),
(343, 437, 'App\\Models\\Video'),
(346, 438, 'App\\Models\\Video'),
(346, 439, 'App\\Models\\Video'),
(347, 440, 'App\\Models\\Video'),
(348, 441, 'App\\Models\\Video'),
(348, 442, 'App\\Models\\Video'),
(349, 443, 'App\\Models\\Video'),
(350, 446, 'App\\Models\\Video'),
(351, 447, 'App\\Models\\Video'),
(237, 448, 'App\\Models\\Video'),
(352, 449, 'App\\Models\\Video'),
(354, 450, 'App\\Models\\Video'),
(354, 451, 'App\\Models\\Video'),
(355, 452, 'App\\Models\\Video'),
(355, 453, 'App\\Models\\Video'),
(355, 454, 'App\\Models\\Video'),
(356, 455, 'App\\Models\\Video'),
(356, 456, 'App\\Models\\Video'),
(1, 460, 'App\\Models\\Video'),
(357, 462, 'App\\Models\\Video'),
(358, 464, 'App\\Models\\Video'),
(359, 465, 'App\\Models\\Video'),
(150, 466, 'App\\Models\\Video'),
(360, 467, 'App\\Models\\Video'),
(361, 468, 'App\\Models\\Video'),
(362, 469, 'App\\Models\\Video'),
(363, 470, 'App\\Models\\Video'),
(363, 471, 'App\\Models\\Video'),
(18, 472, 'App\\Models\\Video'),
(300, 473, 'App\\Models\\Video'),
(213, 474, 'App\\Models\\Video'),
(364, 475, 'App\\Models\\Video'),
(3, 477, 'App\\Models\\Video'),
(3, 478, 'App\\Models\\Video'),
(26, 479, 'App\\Models\\Video'),
(6, 480, 'App\\Models\\Video'),
(365, 481, 'App\\Models\\Video'),
(365, 482, 'App\\Models\\Video'),
(365, 483, 'App\\Models\\Video'),
(365, 484, 'App\\Models\\Video'),
(366, 485, 'App\\Models\\Video'),
(367, 486, 'App\\Models\\Video'),
(75, 487, 'App\\Models\\Video'),
(368, 488, 'App\\Models\\Video'),
(369, 489, 'App\\Models\\Video'),
(370, 490, 'App\\Models\\Video'),
(371, 491, 'App\\Models\\Video'),
(50, 492, 'App\\Models\\Video'),
(372, 493, 'App\\Models\\Video'),
(130, 494, 'App\\Models\\Video'),
(373, 495, 'App\\Models\\Video'),
(104, 496, 'App\\Models\\Video'),
(105, 497, 'App\\Models\\Video'),
(106, 498, 'App\\Models\\Video'),
(107, 499, 'App\\Models\\Video'),
(108, 500, 'App\\Models\\Video'),
(109, 501, 'App\\Models\\Video'),
(111, 502, 'App\\Models\\Video'),
(112, 503, 'App\\Models\\Video'),
(106, 504, 'App\\Models\\Video'),
(113, 505, 'App\\Models\\Video'),
(108, 506, 'App\\Models\\Video'),
(231, 507, 'App\\Models\\Video'),
(231, 508, 'App\\Models\\Video'),
(350, 509, 'App\\Models\\Video'),
(233, 510, 'App\\Models\\Video'),
(374, 511, 'App\\Models\\Video'),
(374, 512, 'App\\Models\\Video'),
(374, 513, 'App\\Models\\Video'),
(374, 514, 'App\\Models\\Video'),
(84, 515, 'App\\Models\\Video'),
(210, 516, 'App\\Models\\Video'),
(375, 517, 'App\\Models\\Video'),
(376, 518, 'App\\Models\\Video'),
(377, 519, 'App\\Models\\Video'),
(378, 520, 'App\\Models\\Video'),
(379, 521, 'App\\Models\\Video'),
(380, 522, 'App\\Models\\Video'),
(381, 523, 'App\\Models\\Video'),
(226, 524, 'App\\Models\\Video'),
(226, 525, 'App\\Models\\Video'),
(382, 526, 'App\\Models\\Video'),
(226, 527, 'App\\Models\\Video'),
(168, 528, 'App\\Models\\Video'),
(383, 529, 'App\\Models\\Video'),
(384, 530, 'App\\Models\\Video'),
(385, 531, 'App\\Models\\Video'),
(386, 532, 'App\\Models\\Video'),
(4, 533, 'App\\Models\\Video'),
(130, 534, 'App\\Models\\Video'),
(372, 535, 'App\\Models\\Video'),
(387, 536, 'App\\Models\\Video'),
(22, 537, 'App\\Models\\Video'),
(22, 538, 'App\\Models\\Video'),
(388, 539, 'App\\Models\\Video'),
(389, 540, 'App\\Models\\Video'),
(13, 541, 'App\\Models\\Video'),
(390, 542, 'App\\Models\\Video'),
(18, 543, 'App\\Models\\Video'),
(123, 544, 'App\\Models\\Video'),
(124, 545, 'App\\Models\\Video'),
(1, 546, 'App\\Models\\Video'),
(125, 547, 'App\\Models\\Video'),
(126, 548, 'App\\Models\\Video'),
(127, 549, 'App\\Models\\Video'),
(128, 550, 'App\\Models\\Video'),
(391, 551, 'App\\Models\\Video'),
(392, 552, 'App\\Models\\Video'),
(249, 553, 'App\\Models\\Video'),
(249, 554, 'App\\Models\\Video'),
(393, 555, 'App\\Models\\Video'),
(95, 556, 'App\\Models\\Video'),
(95, 557, 'App\\Models\\Video'),
(394, 558, 'App\\Models\\Video'),
(395, 559, 'App\\Models\\Video'),
(396, 560, 'App\\Models\\Video'),
(395, 561, 'App\\Models\\Video'),
(197, 562, 'App\\Models\\Video'),
(397, 563, 'App\\Models\\Video'),
(398, 564, 'App\\Models\\Video'),
(270, 565, 'App\\Models\\Video'),
(399, 566, 'App\\Models\\Video'),
(400, 567, 'App\\Models\\Video'),
(401, 568, 'App\\Models\\Video'),
(402, 569, 'App\\Models\\Video'),
(270, 571, 'App\\Models\\Video'),
(403, 572, 'App\\Models\\Video'),
(404, 573, 'App\\Models\\Video'),
(97, 574, 'App\\Models\\Video'),
(405, 575, 'App\\Models\\Video');

-- --------------------------------------------------------

--
-- Structure de la table `artists`
--

CREATE TABLE `artists` (
  `id` bigint(20) UNSIGNED NOT NULL,
  `name` varchar(200) NOT NULL,
  `created_at` timestamp NULL DEFAULT NULL,
  `updated_at` timestamp NULL DEFAULT NULL
) ENGINE=InnoDB DEFAULT CHARSET=utf8mb4 COLLATE=utf8mb4_unicode_ci;

--
-- Déchargement des données de la table `artists`
--

INSERT INTO `artists` (`id`, `name`, `created_at`, `updated_at`) VALUES
(1, 'Asian Kung-Fu Generation', '2020-07-11 09:21:31', '2020-07-11 09:21:31'),
(2, 'AKB 48', '2020-07-11 09:21:39', '2020-07-11 09:21:39'),
(3, 'Lisa', '2020-07-11 09:40:11', '2020-07-11 09:40:11'),
(4, 'Yui', '2020-07-11 10:47:59', '2020-07-11 10:47:59'),
(5, 'One Ok Rock', '2020-07-11 10:48:09', '2020-07-11 10:48:09'),
(6, 'Flow', '2020-07-11 10:48:23', '2020-07-11 10:48:23'),
(7, 'Boris', '2020-07-11 10:49:38', '2020-07-11 10:49:38'),
(8, 'Pay Money to My Pain', '2020-07-11 10:50:00', '2020-07-11 10:50:00'),
(9, 'TRIBAL CHAIR', '2020-07-11 10:57:33', '2020-07-11 10:57:33'),
(10, 'Sana', '2020-07-11 19:23:35', '2020-07-11 19:23:35'),
(11, 'Takahashi Teruomi', '2020-07-11 19:29:16', '2020-07-11 19:29:16'),
(12, 'MPI', '2020-07-11 19:29:35', '2020-07-11 19:29:35'),
(13, 'SCANDAL', '2020-07-12 22:55:56', '2020-07-12 22:55:56'),
(14, 'Chieko Kawabe', '2020-07-12 23:01:28', '2020-07-12 23:01:28'),
(15, 'Orange Range', '2020-07-12 23:05:52', '2020-07-12 23:05:52'),
(16, 'UVERworld', '2020-07-12 23:06:10', '2020-07-12 23:06:10'),
(17, 'Beat Crusaders', '2020-07-12 23:06:30', '2020-07-12 23:06:30'),
(18, 'Porno Graffitti', '2020-07-12 23:07:06', '2020-07-12 23:07:06'),
(19, 'High and Mighty Color', '2020-07-12 23:13:01', '2020-07-12 23:13:01'),
(20, 'Aqua Timez', '2020-07-12 23:18:54', '2020-07-12 23:18:54'),
(21, 'Kelun', '2020-07-12 23:21:36', '2020-07-12 23:21:36'),
(22, 'SID', '2020-07-12 23:29:44', '2020-07-13 11:50:11'),
(24, 'Survive Said The Prophet', '2020-07-13 02:26:11', '2020-07-13 02:26:11'),
(25, 'MAN WITH A MISSION', '2020-07-13 02:29:10', '2020-07-13 02:29:10'),
(26, 'Aimer', '2020-07-13 02:32:16', '2020-07-13 02:32:16'),
(27, 'milet', '2020-07-13 02:34:55', '2020-07-13 02:37:29'),
(28, 'ViViD', '2020-07-13 11:12:26', '2020-07-13 11:13:02'),
(29, 'Miwa', '2020-07-13 11:49:08', '2020-07-13 11:49:08'),
(30, 'Rie Fu', '2020-07-13 12:02:43', '2020-07-13 12:02:43'),
(31, 'HOME MADE KAZOKU', '2020-07-13 12:05:41', '2020-07-13 12:05:41'),
(32, 'Younha', '2020-07-13 12:05:55', '2020-07-13 12:05:55'),
(33, 'Skoop on Somebody', '2020-07-13 12:06:12', '2020-07-13 12:06:12'),
(34, 'SunSet Swish', '2020-07-13 12:06:28', '2020-07-13 12:06:28'),
(35, 'Ikimonogakari', '2020-07-13 12:06:47', '2020-07-13 12:06:47'),
(36, 'Takacha', '2020-07-13 12:07:12', '2020-07-13 12:07:12'),
(37, 'JUNE', '2020-07-13 12:07:27', '2020-07-13 12:07:27'),
(38, 'Mai Hoshimura', '2020-07-13 12:07:43', '2020-07-13 12:07:43'),
(39, 'Ore Ska Band', '2020-07-13 12:19:43', '2020-07-13 12:19:43'),
(40, 'chatmonchy', '2020-07-13 12:19:57', '2020-07-13 12:19:57'),
(41, 'Atari Kousuke', '2020-07-13 12:20:28', '2020-07-13 12:20:28'),
(42, 'STEREOPONY', '2020-07-13 12:26:21', '2020-07-13 12:26:21'),
(43, 'RSP( Real Street Project)', '2020-07-13 12:28:04', '2020-07-13 12:28:04'),
(44, 'pe\'zmoku', '2020-07-13 12:28:23', '2020-07-13 12:28:23'),
(45, 'Tsuji Shion', '2020-07-13 12:28:37', '2020-07-13 12:28:37'),
(46, 'Sambomaster', '2020-07-13 12:28:51', '2020-07-13 12:28:51'),
(47, 'Kenichi Asai', '2020-07-13 12:29:09', '2020-07-13 12:29:09'),
(48, 'Diggy-MO\'', '2020-07-13 12:29:34', '2020-07-13 12:29:34'),
(49, 'universe', '2020-07-13 12:29:48', '2020-07-13 12:29:48'),
(50, 'SPYAIR', '2020-07-13 12:30:02', '2020-07-13 12:30:02'),
(51, 'ROOKiEZ is PUNK’D', '2020-07-13 12:30:15', '2020-07-13 12:30:15'),
(52, 'fumika', '2020-07-13 12:30:30', '2020-07-13 12:30:30'),
(53, 'UNLIMITS', '2020-07-13 12:30:45', '2020-07-13 12:30:45'),
(54, 'BUMP OF CHICKEN', '2020-07-13 12:58:45', '2020-07-13 12:58:45'),
(55, 'UNISON SQUARE GARDEN', '2020-07-13 13:03:40', '2020-07-13 13:03:40'),
(56, 'THE ORAL CIGARETTES', '2020-07-13 13:15:06', '2020-07-13 13:15:06'),
(57, 'BRADIO', '2020-07-13 13:18:55', '2020-07-13 13:18:55'),
(58, 'STEREO DIVE FOUNDATION', '2020-07-13 13:20:12', '2020-07-13 13:20:12'),
(59, 'KOHH', '2020-07-13 13:43:38', '2020-07-13 13:43:38'),
(60, 'AKLO', '2020-07-13 13:44:02', '2020-07-13 13:51:16'),
(61, 'DAOKO', '2020-07-13 13:44:27', '2020-07-13 13:45:04'),
(62, 'KANDYTOWN', '2020-07-13 13:48:21', '2020-07-13 13:48:21'),
(63, 'KID FRESINO', '2020-07-13 13:48:50', '2020-07-13 13:48:50'),
(64, 'kiLLa', '2020-07-13 13:49:26', '2020-07-13 13:49:26'),
(65, 'MCpero', '2020-07-13 13:50:10', '2020-07-13 13:50:10'),
(66, 'THE OTOGIBANASHI\'S', '2020-07-13 13:50:40', '2020-07-13 13:50:40'),
(67, 'PUNPEE', '2020-07-13 14:33:34', '2020-07-13 14:33:34'),
(68, 'YDIZZY', '2020-07-13 14:34:12', '2020-07-13 14:34:12'),
(69, 'SALU', '2020-07-13 14:36:43', '2020-07-13 14:36:43'),
(70, 'nobodyknows+', '2020-07-13 14:38:00', '2020-07-13 14:38:00'),
(71, 'Yasuyuki Okamura', '2020-07-13 15:00:11', '2020-07-13 15:00:11'),
(72, 'Last Alliance', '2020-07-13 15:05:16', '2020-07-13 15:05:16'),
(73, 'Annabel', '2020-07-13 15:17:57', '2020-07-13 15:17:57'),
(74, 'Kitadani Hiroshi', '2020-07-13 17:42:55', '2020-07-13 17:42:55'),
(75, 'Vicke Blanka', '2020-07-13 20:03:34', '2020-07-13 20:03:34'),
(76, 'Radwimps', '2020-07-13 20:11:01', '2020-07-13 20:11:01'),
(77, 'ZONE', '2020-07-13 20:16:48', '2020-07-13 20:16:48'),
(78, 'Folder 5', '2020-07-13 21:47:20', '2020-07-13 21:47:20'),
(79, 'The Babystars', '2020-07-13 21:52:35', '2020-07-13 21:52:35'),
(80, 'BON-BON BLANCO', '2020-07-13 21:58:03', '2020-07-13 21:58:03'),
(81, 'BOYSTYLE', '2020-07-13 22:03:54', '2020-07-13 22:03:54'),
(82, '(K)NoW_NAME', '2020-07-13 22:12:36', '2020-07-13 22:12:36'),
(83, 'ALI', '2020-07-13 22:15:38', '2020-07-13 22:15:38'),
(84, 'BURNOUT SYNDROMES', '2020-07-13 22:29:40', '2020-07-13 22:29:40'),
(85, 'the GazettE', '2020-07-20 15:28:27', '2020-07-20 15:28:27'),
(86, 'Yuya Matsushita', '2020-07-20 15:38:57', '2020-07-20 15:38:57'),
(87, 'AKIRA', '2020-07-20 15:46:16', '2020-07-20 15:46:16'),
(88, 'Group Tamashii', '2020-07-20 15:51:29', '2020-07-20 15:51:29'),
(89, 'ON/OFF', '2020-07-20 15:55:44', '2020-07-20 15:55:44'),
(90, 'Mblaq', '2020-07-20 15:59:47', '2020-07-20 15:59:47'),
(91, 'no3b', '2020-07-20 16:08:14', '2020-07-20 16:08:14'),
(92, 'Tomato n\' Pine', '2020-07-20 16:13:52', '2020-07-20 16:13:52'),
(93, '9nine', '2020-07-20 16:17:08', '2020-07-20 16:17:08'),
(94, 'SCREEN Mode', '2020-07-20 16:34:38', '2020-07-20 16:34:38'),
(95, 'Granrodeo', '2020-07-20 16:37:07', '2020-07-20 16:37:07'),
(96, 'Luck Life', '2020-07-20 16:45:54', '2020-07-20 16:45:54'),
(97, 'Okamura Yasuyuki', '2020-07-21 00:04:47', '2020-07-21 00:04:47'),
(98, 'Yakushimaru Etsuko', '2020-07-21 00:05:48', '2020-07-21 00:05:48'),
(99, 'Nogizaka46', '2020-07-21 00:50:20', '2020-07-21 00:50:20'),
(100, 'supercell', '2020-07-21 00:50:46', '2020-07-21 00:50:46'),
(101, 'PENGUIN RESEARCH', '2020-07-21 00:55:11', '2020-07-21 00:55:11'),
(102, 'Fujifabric', '2020-07-21 00:55:29', '2020-07-21 00:55:29'),
(103, 'Base Ball Bear', '2020-07-21 21:19:33', '2020-07-21 21:19:33'),
(104, 'Tommy heavenly⁶', '2020-07-21 21:24:49', '2020-07-21 21:24:49'),
(105, 'YO-KING', '2020-07-21 21:25:12', '2020-07-21 21:25:12'),
(106, 'redballoon', '2020-07-21 21:25:44', '2020-07-21 21:25:44'),
(107, 'Hearts Grow', '2020-07-21 21:26:07', '2020-07-21 21:26:07'),
(108, 'DOES', '2020-07-21 21:26:26', '2020-07-21 21:26:26'),
(109, 'monobright', '2020-07-21 21:26:46', '2020-07-21 21:26:46'),
(110, 'Prague', '2020-07-21 21:27:23', '2020-07-21 21:27:23'),
(111, 'Captain Straydum', '2020-07-21 21:27:44', '2020-07-21 21:27:44'),
(112, 'amplified', '2020-07-21 21:28:07', '2020-07-21 21:28:07'),
(113, 'Takahashi Hitomi', '2020-07-21 21:28:48', '2020-07-21 21:28:48'),
(114, 'SNOWKEL', '2020-07-21 21:29:18', '2020-07-21 21:29:18'),
(115, 'The Rodeo Carburettor', '2020-07-21 21:30:21', '2020-07-21 21:30:21'),
(116, 'POSSIBILITY', '2020-07-21 21:30:46', '2020-07-21 21:30:46'),
(117, 'Plingmin', '2020-07-21 21:31:05', '2020-07-21 21:31:05'),
(118, 'ghostnote', '2020-07-21 21:31:23', '2020-07-21 21:31:23'),
(119, 'SHIGI', '2020-07-21 21:31:42', '2020-07-21 21:31:42'),
(120, 'PENGIN', '2020-07-21 21:32:16', '2020-07-21 21:32:16'),
(121, 'ONE☆DRAFT', '2020-07-21 21:33:05', '2020-07-21 21:33:05'),
(122, 'QWAI', '2020-07-21 21:33:36', '2020-07-21 21:33:36'),
(123, 'L\'Arc~en~Ciel', '2020-07-21 21:35:29', '2020-07-21 21:35:29'),
(124, 'COOL JOKE', '2020-07-21 21:35:58', '2020-07-21 21:35:58'),
(125, 'Kitade Nana', '2020-07-21 21:36:19', '2020-07-21 21:36:19'),
(126, 'YeLLOW Generation', '2020-07-21 21:36:47', '2020-07-21 21:36:47'),
(127, 'Crystal Kay', '2020-07-21 21:37:12', '2020-07-21 21:37:12'),
(128, 'Sowelu', '2020-07-21 21:37:35', '2020-07-21 21:37:35'),
(130, 'NICO Touches the Walls', '2020-07-31 20:14:19', '2020-07-31 20:14:19'),
(131, 'Hitori no Yoru', '2020-08-02 15:50:31', '2020-08-02 15:50:31'),
(132, 'shizuku', '2020-08-02 15:59:22', '2020-08-02 15:59:22'),
(133, 'Takahashi Yu (J-Rock)', '2020-08-02 16:10:14', '2020-08-02 16:10:14'),
(134, 'Kobukuro', '2020-08-02 16:13:21', '2020-08-02 16:13:21'),
(135, '↑THE HIGH-LOWS↓', '2020-08-02 16:20:24', '2020-08-02 16:20:24'),
(136, 'VELVET GARDEN', '2020-08-02 16:23:26', '2020-08-02 16:23:26'),
(137, 'CHiCO', '2020-08-02 16:45:52', '2020-08-02 16:45:52'),
(138, 'HoneyWorks', '2020-08-02 16:46:07', '2020-08-02 16:46:07'),
(139, 'Yamauchi Soichiro', '2020-08-02 16:49:56', '2020-08-02 16:49:56'),
(140, 'Tsuchiya Anna', '2020-08-02 16:59:08', '2020-08-02 16:59:08'),
(141, 'OLIVIA', '2020-08-02 17:01:10', '2020-08-02 17:01:10'),
(142, 'Mizuno Saaya', '2020-08-02 17:20:16', '2020-08-02 17:20:16'),
(143, 'heidi', '2020-08-02 17:22:30', '2020-08-02 17:22:30'),
(144, 'Wakeshima Kanon', '2020-08-02 17:42:18', '2020-08-02 17:42:18'),
(145, 'Okuda Miwa', '2020-08-02 17:58:56', '2020-08-02 17:58:56'),
(146, 'Okazaki Ritsuko', '2020-08-04 11:46:09', '2020-08-04 11:46:09'),
(147, 'Otsuka Ai', '2020-08-04 11:46:24', '2020-08-04 11:46:24'),
(148, 'MONKEY MAJIK', '2020-08-04 11:46:54', '2020-08-04 11:46:54'),
(149, 'MAXIMUM THE HORMONE', '2020-08-04 12:04:38', '2020-08-04 12:04:38'),
(150, 'NIGHTMARE (Japon)', '2020-08-04 12:04:51', '2020-08-04 12:04:51'),
(151, 'Nishio Etsuko', '2020-08-04 12:16:30', '2020-08-04 12:16:30'),
(152, 'ribbon (J-Pop)', '2020-08-04 12:16:49', '2020-08-04 12:16:49'),
(153, 'CoCo (J-Pop)', '2020-08-04 12:17:05', '2020-08-04 12:17:05'),
(154, 'Hayasaka Yoshie', '2020-08-04 12:17:29', '2020-08-04 12:17:29'),
(155, 'Kusu Kusu', '2020-08-04 12:17:56', '2020-08-04 12:17:56'),
(156, 'Senou Azusa', '2020-08-04 12:18:13', '2020-08-04 12:18:13'),
(157, 'Sakagami Kaori', '2020-08-04 12:18:40', '2020-08-04 12:18:40'),
(158, 'Ranma-teki Kagekidan Goikkousama', '2020-08-04 12:19:41', '2020-08-04 12:19:41'),
(159, 'Tokyo Shonen', '2020-08-04 12:19:59', '2020-08-04 12:19:59'),
(160, 'Takahashi Yoko', '2020-08-04 12:20:33', '2020-08-04 12:20:33'),
(161, 'Nakajima Michiyo', '2020-08-04 12:20:55', '2020-08-04 12:20:55'),
(162, 'Morikawa Miho', '2020-08-04 12:21:11', '2020-08-04 12:21:11'),
(163, 'Etsuko Nishio', '2020-08-04 12:26:15', '2020-08-04 12:26:15'),
(164, 'ULTRATOWER', '2020-08-04 12:54:51', '2020-08-04 12:54:51'),
(165, 'Misokkasu', '2020-08-04 12:55:13', '2020-08-04 12:55:13'),
(166, 'Tokyo Karankoron', '2020-08-04 12:55:38', '2020-08-04 12:55:38'),
(167, 'Oomori Seiko', '2020-08-04 12:56:09', '2020-08-04 12:56:09'),
(168, 'the FIELD OF VIEW', '2020-08-04 13:13:28', '2020-08-04 13:13:28'),
(169, 'Mio Yamazaki', '2020-08-05 18:45:52', '2020-08-05 18:45:52'),
(170, 'Noto Mamiko', '2020-08-05 18:46:09', '2020-08-05 18:46:09'),
(171, 'SNoW', '2020-08-05 18:50:00', '2020-08-05 18:50:00'),
(172, 'Nujabes', '2020-08-05 19:14:32', '2020-08-05 19:14:32'),
(173, 'MINMI', '2020-08-05 19:14:50', '2020-08-05 19:14:50'),
(174, 'kazami', '2020-08-05 19:17:29', '2020-08-05 19:17:29'),
(175, 'Small Circle of Friends', '2020-08-05 19:17:50', '2020-08-05 19:17:50'),
(176, 'Midicronica', '2020-08-05 19:20:16', '2020-08-05 19:20:16'),
(177, 'Tsukishima Kirari starring Kusumi Koharu (Morning Musume.)', '2020-08-05 19:55:36', '2020-08-05 19:55:36'),
(178, 'Kira☆Pika', '2020-08-05 19:56:08', '2020-08-05 19:56:08'),
(179, 'MilkyWay', '2020-08-05 19:56:37', '2020-08-05 19:56:37'),
(180, '°C-ute', '2020-08-05 19:57:16', '2020-08-05 19:57:16'),
(181, 'kannivalism', '2020-08-05 20:33:15', '2020-08-05 20:33:15'),
(182, 'Shita θ', '2020-08-05 20:33:32', '2020-08-05 20:33:32'),
(183, 'me_ho', '2020-08-05 20:33:52', '2020-08-05 20:33:52'),
(184, 'flumpool', '2020-08-06 18:16:32', '2020-08-06 18:16:32'),
(185, 'Ohtaki Eiichi', '2020-08-06 18:16:43', '2020-08-06 18:16:43'),
(187, '22/7', '2020-08-06 18:23:06', '2020-08-06 18:23:06'),
(188, 'Saijo Nagomi', '2020-08-06 18:23:24', '2020-08-06 18:23:24'),
(189, 'Amaki Sally', '2020-08-06 18:23:36', '2020-08-06 18:23:36'),
(190, 'Kuraoka Mizuha', '2020-08-06 18:23:51', '2020-08-06 18:23:51'),
(191, 'All at once', '2020-08-06 18:35:02', '2020-08-06 18:35:02'),
(192, 'AOP', '2020-08-06 18:37:12', '2020-08-06 18:37:12'),
(193, 'Uso to Chameleon', '2020-08-06 18:42:01', '2020-08-06 18:42:01'),
(194, 'Mamoru Miyano', '2020-08-06 18:46:10', '2020-08-06 18:46:10'),
(195, 'fripSide', '2020-08-06 19:00:25', '2020-08-06 19:00:25'),
(196, 'Kishida Kyodan & THE Akeboshi Rockets', '2020-08-06 19:00:37', '2020-08-06 19:00:37'),
(197, 'sajou no hana', '2020-08-06 19:09:55', '2020-08-06 19:09:55'),
(198, 'Akaki Chikai', '2020-08-06 19:27:54', '2020-08-06 19:27:54'),
(199, 'Mile', '2020-08-06 19:30:44', '2020-08-06 19:30:44'),
(200, 'Gero', '2020-08-06 19:38:01', '2020-08-06 19:38:01'),
(201, 'team Ootori', '2020-08-06 19:38:13', '2020-08-06 19:38:13'),
(202, 'KANA-BOON', '2020-08-06 19:49:48', '2020-08-06 19:49:48'),
(203, 'The Peggies', '2020-08-06 19:50:00', '2020-08-06 19:50:00'),
(204, 'Suwabe Junichi', '2020-08-06 19:55:03', '2020-08-06 19:55:03'),
(205, 'Uchiyama Koki', '2020-08-06 19:55:15', '2020-08-06 19:55:15'),
(206, 'Murase Ayumu', '2020-08-06 19:55:23', '2020-08-06 19:55:23'),
(207, 'Horie Shun', '2020-08-06 19:55:30', '2020-08-06 19:55:30'),
(208, 'Miyano Mamoru', '2020-08-06 19:59:05', '2020-08-06 19:59:05'),
(209, 'Hosoya Yoshimasa', '2020-08-06 19:59:12', '2020-08-06 19:59:12'),
(210, 'PELICAN FANCLUB', '2020-08-07 12:19:29', '2020-08-07 12:19:29'),
(213, 'Kenshi Yonezu', '2020-08-12 10:34:25', '2020-08-12 10:34:25'),
(214, 'Masayuki Suzuki', '2020-08-26 13:21:00', '2020-08-26 13:21:00'),
(215, 'Rikka Ihara', '2020-08-26 13:21:19', '2020-08-26 13:21:19'),
(216, 'halca', '2020-08-26 13:25:31', '2020-08-26 13:25:31'),
(217, 'Haruka Fukuhara', '2020-08-26 13:30:50', '2020-08-26 13:30:50'),
(218, 'Mrs.GREEN APPLE', '2020-08-28 19:05:08', '2020-08-28 19:05:08'),
(219, 'Coldrain', '2020-08-28 19:10:48', '2020-08-28 19:10:48'),
(220, 'crystal lake', '2020-08-28 19:12:04', '2020-08-28 19:12:04'),
(221, 'Keina Suda', '2020-08-28 19:24:27', '2020-08-28 19:24:27'),
(222, 'Lenny code fiction', '2020-08-28 19:28:21', '2020-08-28 19:28:21'),
(223, 'Cidergirl', '2020-08-28 19:34:09', '2020-08-28 19:34:09'),
(224, 'Ikimono-gakari', '2020-09-01 10:46:53', '2020-09-01 10:46:53'),
(225, 'Eir Aoi', '2020-09-10 20:03:14', '2020-09-10 20:03:14'),
(226, 'kageyama hironobu', '2020-10-15 07:51:16', '2020-10-15 07:51:16'),
(227, 'hiraide satoru', '2020-10-19 08:35:29', '2020-10-19 08:35:29'),
(228, 'shishido kavka', '2020-10-19 08:37:46', '2020-10-19 08:37:46'),
(229, 'lol', '2020-10-19 08:41:43', '2020-10-19 08:41:43'),
(230, 'shindo haruichi', '2020-10-19 08:44:59', '2020-10-19 08:44:59'),
(231, 'ono masatoshi', '2020-10-19 09:04:36', '2020-10-19 09:04:36'),
(232, 'fear and loathing in las vegas', '2020-10-19 09:07:50', '2020-10-19 09:07:50'),
(233, 'GALNERYUS', '2020-10-19 09:09:05', '2020-10-19 09:09:05'),
(234, 'hata motochiro', '2020-10-19 09:15:33', '2020-10-19 09:15:33'),
(235, 'Jam project', '2020-10-19 10:27:47', '2020-10-19 10:27:47'),
(236, 'watanabe sho', '2020-10-19 10:31:08', '2020-10-19 10:31:08'),
(237, 'TK', '2020-10-20 09:03:40', '2020-10-20 09:03:40'),
(238, '7!!', '2020-10-22 08:33:17', '2020-10-22 08:33:17'),
(239, 'LGMonkees', '2020-10-22 08:37:00', '2020-10-22 08:37:00'),
(240, 'Inoue Joe', '2020-10-22 08:38:26', '2020-10-22 08:38:26'),
(241, 'Centimillimental', '2020-10-22 08:44:09', '2020-10-22 08:44:09'),
(242, 'Mizuno sayaa', '2020-10-22 09:19:53', '2020-10-22 09:19:53'),
(243, 'chara', '2020-10-22 09:23:46', '2020-10-22 09:23:46'),
(244, 'Tomatsu Haruka', '2020-10-22 09:27:34', '2020-10-22 09:27:34'),
(245, 'Shiina Go', '2020-10-22 09:52:58', '2020-10-22 09:52:58'),
(246, 'Nomoto karia', '2020-10-23 07:43:03', '2020-10-23 07:43:03'),
(247, 'YAOSOBI', '2020-10-23 08:24:17', '2020-10-23 08:24:17'),
(248, 'little by little', '2020-10-23 12:05:55', '2020-10-23 12:05:55'),
(249, '3-nen E-gumi Utatan', '2020-10-23 12:57:24', '2020-10-23 12:57:24'),
(250, 'HOUND DOG', '2020-10-23 13:05:17', '2020-10-23 13:05:17'),
(251, 'nightmare', '2020-10-23 13:13:57', '2020-10-23 13:13:57'),
(252, 'junggigo', '2020-11-02 15:43:56', '2020-11-02 15:43:56'),
(253, 'george & Gang Haein', '2020-11-02 15:49:19', '2020-11-02 15:49:19'),
(254, 'Maeda june', '2020-11-02 16:00:25', '2020-11-02 16:00:25'),
(255, 'abingdon boys school', '2020-11-06 15:28:38', '2020-11-06 15:28:38'),
(256, 'Tamaki Nami', '2020-11-06 15:34:23', '2020-11-06 15:34:23'),
(257, 'access', '2020-11-06 15:37:38', '2020-11-06 15:37:38'),
(258, 'Funkist', '2020-11-06 15:45:28', '2020-11-06 15:45:28'),
(259, 'Idoling', '2020-11-06 15:48:01', '2020-11-06 15:48:01'),
(260, 'Takeru', '2020-11-06 15:50:42', '2020-11-06 15:50:42'),
(261, 'MAGIC PARTY', '2020-11-06 15:52:40', '2020-11-06 15:52:40'),
(262, '+plus', '2020-11-06 15:54:49', '2020-11-06 15:54:49'),
(263, 'DaisyxDaisy', '2020-11-06 15:57:30', '2020-11-06 15:57:30'),
(264, 'JAMIL', '2020-11-06 15:58:56', '2020-11-06 15:58:56'),
(265, 'Masuwaka tsubasa', '2020-11-06 16:02:38', '2020-11-06 16:02:38'),
(266, 'HERO', '2020-11-06 16:05:26', '2020-11-06 16:05:26'),
(267, 'Going Under Ground', '2020-11-06 16:07:06', '2020-11-06 16:07:06'),
(268, 'Yonekura chihiro', '2020-11-06 16:09:08', '2020-11-06 16:09:08'),
(269, 'BoA', '2020-11-06 16:11:17', '2020-11-06 16:11:17'),
(270, 'BACK ON', '2020-11-06 16:12:50', '2020-11-06 16:12:50'),
(271, 'Do As Infinity', '2020-11-06 16:14:58', '2020-11-06 16:14:58'),
(272, 'V6', '2020-11-06 16:16:28', '2020-11-06 16:16:28'),
(273, 'Tackey & Tsubasa', '2020-11-06 16:18:34', '2020-11-06 16:18:34'),
(274, 'Matsui Yohei', '2020-11-06 16:20:25', '2020-11-06 16:20:25'),
(275, 'Saito Yoshihiro', '2020-11-06 16:23:37', '2020-11-06 16:23:37'),
(276, 'THE RAMPAGE from EXILE TRIBE', '2020-11-06 16:26:13', '2020-11-06 16:26:13'),
(277, 'Stance Punks', '2020-11-09 14:32:00', '2020-11-09 14:32:00'),
(278, 'Akeboshi', '2020-11-10 15:18:02', '2020-11-10 15:18:02'),
(279, 'RYTHEM', '2020-11-10 15:19:48', '2020-11-10 15:19:48'),
(280, 'Raico', '2020-11-10 15:23:10', '2020-11-10 15:23:10'),
(281, 'The Mass missile', '2020-11-10 15:24:42', '2020-11-10 15:24:42'),
(282, 'TiA', '2020-11-10 15:26:07', '2020-11-10 15:26:07'),
(283, 'gagaga SP', '2020-11-10 15:28:55', '2020-11-10 15:28:55'),
(284, 'No regret Life', '2020-11-10 15:30:09', '2020-11-10 15:30:09'),
(285, 'Analog fish', '2020-11-10 15:31:56', '2020-11-10 15:31:56'),
(286, 'AMADORI', '2020-11-10 15:33:25', '2020-11-10 15:33:25'),
(287, 'CHABA', '2020-11-10 15:34:56', '2020-11-10 15:34:56'),
(288, 'Saboten', '2020-11-10 15:39:40', '2020-11-10 15:39:40'),
(289, 'Tsuburaya junko', '2020-11-10 15:42:42', '2020-11-10 15:42:42'),
(290, 'Laputa', '2020-11-10 15:47:02', '2020-11-10 15:47:02'),
(291, 'Nishiwaki Yui', '2020-11-10 15:48:36', '2020-11-10 15:48:36'),
(292, 'Grass Arc', '2020-11-10 15:50:57', '2020-11-10 15:50:57'),
(293, 'TWO MIX', '2020-11-10 15:52:33', '2020-11-10 15:52:33'),
(294, 'COLOR', '2020-11-10 15:54:16', '2020-11-10 15:54:16'),
(295, '566', '2020-11-10 15:55:27', '2020-11-10 15:55:27'),
(296, 'NEWS', '2020-11-10 15:57:33', '2020-11-10 15:57:33'),
(297, 'KAT-TUN', '2020-11-10 16:00:11', '2020-11-10 16:00:11'),
(298, 'llittle glee monster', '2020-11-12 10:30:14', '2020-11-12 10:30:14'),
(299, 'Qyoto', '2020-11-12 10:31:35', '2020-11-12 10:31:35'),
(300, 'Brian the sun', '2020-11-12 10:33:04', '2020-11-12 10:33:04'),
(301, 'Yoshida yasuhide', '2020-11-12 10:41:19', '2020-11-12 10:41:19'),
(302, '5050 fifty fifty', '2020-11-12 10:44:41', '2020-11-12 10:44:41'),
(303, 'TVXQ', '2020-11-12 10:46:06', '2020-11-12 10:46:06'),
(304, 'Yaguchi mari', '2020-11-12 10:47:21', '2020-11-12 10:47:21'),
(305, 'The ROOTLESS', '2020-11-12 10:49:52', '2020-11-12 10:49:52'),
(306, 'Nao\'ymt', '2020-11-12 10:51:09', '2020-11-12 10:51:09'),
(307, 'AAA', '2020-11-12 10:55:15', '2020-11-12 10:55:15'),
(308, 'Fujibayashi shoko', '2020-11-12 10:56:43', '2020-11-12 10:56:43'),
(309, 'Amuro namie', '2020-11-12 10:58:55', '2020-11-12 10:58:55'),
(310, 'Hanamura sota', '2020-11-12 11:02:45', '2020-11-12 11:02:45'),
(311, 'otsuki maki', '2020-11-12 11:05:34', '2020-11-12 11:05:34'),
(312, 'Tomato cube', '2020-11-12 11:07:23', '2020-11-12 11:07:23'),
(313, 'Suitei shoujo', '2020-11-12 11:09:00', '2020-11-12 11:09:00'),
(314, 'Ai-sachi', '2020-11-12 11:10:44', '2020-11-12 11:10:44'),
(315, 'Ishida takumi', '2020-11-12 11:12:23', '2020-11-12 11:12:23'),
(316, 'Watanabe natsumi', '2020-11-12 11:15:45', '2020-11-12 11:15:45'),
(317, 'Yasu', '2020-11-12 11:18:30', '2020-11-12 11:18:30'),
(318, 'Kudo mai', '2020-11-12 11:20:55', '2020-11-12 11:20:55'),
(319, 'ruppina+', '2020-11-12 11:23:15', '2020-11-12 11:23:15'),
(320, 'Sotaro', '2020-11-12 11:24:32', '2020-11-12 11:24:32'),
(321, 'nano', '2020-11-12 11:40:35', '2020-11-12 11:40:35'),
(322, 'fade', '2020-11-12 11:46:03', '2020-11-12 11:46:03'),
(323, 'Taniyama kishow', '2020-11-12 11:54:27', '2020-11-12 11:54:27'),
(324, 'R O N', '2020-11-12 11:58:43', '2020-11-12 11:58:43'),
(325, 'goto kei', '2020-11-12 12:08:11', '2020-11-12 12:08:11'),
(326, 'Takigawa alisa', '2020-11-19 14:25:43', '2020-11-19 14:25:43'),
(327, 'luna haruna', '2021-01-29 13:59:24', '2021-01-29 13:59:24'),
(328, 'hoody', '2021-01-29 20:21:45', '2021-01-29 20:21:45'),
(329, 'jay park', '2021-01-29 20:21:52', '2021-01-29 20:21:52'),
(330, 'BTS', '2021-01-29 20:22:13', '2021-01-29 20:22:13'),
(331, 'sik-k', '2021-01-29 20:22:32', '2021-01-29 20:22:32'),
(332, 'jackson wang', '2021-01-29 20:22:51', '2021-01-29 20:22:51'),
(333, 'Mamamoo', '2021-01-29 20:23:45', '2021-01-29 20:23:45'),
(334, 'stray kids', '2021-01-29 20:23:53', '2021-01-29 20:23:53'),
(335, 'nano.RIPE', '2021-01-29 20:26:02', '2021-01-29 20:26:02'),
(336, 'Eve', '2021-01-29 20:36:03', '2021-01-29 20:36:03'),
(337, 'AKLO,ALI', '2021-01-29 20:37:35', '2021-01-29 20:37:35'),
(338, 'NoisyCell', '2021-01-29 20:50:31', '2021-01-29 20:50:31'),
(339, 'Amamiya Sora', '2021-01-29 20:55:25', '2021-01-29 20:55:25'),
(340, 'Mayama Rika', '2021-01-29 20:57:11', '2021-01-29 20:57:11'),
(341, 'Sawai Miku', '2021-01-29 20:59:05', '2021-01-29 20:59:05'),
(342, 'Kajiura Yuki', '2021-01-29 21:08:21', '2021-01-29 21:08:21'),
(343, 'T.M.Revolution', '2021-01-29 21:11:17', '2021-01-29 21:11:17'),
(344, 'Tommy heavenly', '2021-01-29 21:11:36', '2021-01-29 21:11:36'),
(345, 'Nishino Kana', '2021-01-29 21:12:13', '2021-01-29 21:12:13'),
(346, 'Shocking Lemon', '2021-01-29 21:22:18', '2021-01-29 21:22:18'),
(347, 'Imahori Tsuneo', '2021-01-29 21:22:40', '2021-01-29 21:22:40'),
(348, 'Mori Naoya', '2021-01-29 21:23:10', '2021-01-29 21:23:10'),
(349, 'SABER TIGER', '2021-01-29 21:23:35', '2021-01-29 21:23:35'),
(350, 'Fear, and Loathing in Las Vegas', '2021-02-25 11:33:03', '2021-02-25 11:33:03'),
(351, 'Miura Daichi', '2021-02-25 11:38:06', '2021-02-25 11:38:06'),
(352, 'Nothing\'s Carved In Stone', '2021-02-25 11:54:07', '2021-02-25 11:54:07'),
(353, 'EGOIST', '2021-02-25 11:58:44', '2021-02-25 11:58:44'),
(354, 'ryo [supercell]', '2021-02-25 11:59:00', '2021-02-25 11:59:00'),
(355, 'Celeina Ann', '2021-02-25 12:16:09', '2021-02-25 12:16:09'),
(356, 'Alisa', '2021-02-25 12:29:17', '2021-02-25 12:29:17'),
(357, 'MAKE-UP', '2022-01-10 10:41:51', '2022-01-10 10:41:51'),
(358, 'T-Pistonz+KMC', '2022-01-10 12:21:18', '2022-01-10 12:21:18'),
(359, 'Konomi Suzuki', '2022-01-10 12:27:44', '2022-01-10 12:27:44'),
(360, 'Official HIGE DANdism', '2022-01-10 12:40:26', '2022-01-10 12:40:26'),
(361, 'Eill', '2022-01-10 12:43:17', '2022-01-10 12:43:17'),
(362, 'Nakimushi', '2022-01-10 12:45:15', '2022-01-10 12:45:15'),
(363, 'King Gnu', '2022-01-10 12:49:43', '2022-01-10 12:49:43'),
(364, 'amazarashi', '2022-01-10 13:03:54', '2022-01-10 13:03:54'),
(365, 'Kotara Nakagawa', '2022-01-10 13:53:15', '2022-01-10 13:53:15'),
(366, 'Kankaku Piero', '2022-01-11 12:26:21', '2022-01-11 12:26:21'),
(367, 'Matsukuma Kenta', '2022-01-11 12:28:12', '2022-01-11 12:28:12'),
(368, 'Itowokashi', '2022-01-11 12:32:05', '2022-01-11 12:32:05'),
(369, 'SWANKY DANK', '2022-01-11 12:33:55', '2022-01-11 12:33:55'),
(370, 'EMPiRE', '2022-01-11 12:35:39', '2022-01-11 12:35:39'),
(371, 'Koda Kumi', '2022-01-11 12:38:02', '2022-01-11 12:38:02'),
(372, 'Sukima Switch', '2022-01-11 12:47:25', '2022-01-11 12:47:25'),
(373, 'Tacica', '2022-01-11 12:50:01', '2022-01-11 12:50:01'),
(374, 'yuzu', '2022-01-11 13:13:01', '2022-01-11 13:13:01'),
(375, 'Rude-α', '2022-01-11 13:27:51', '2022-01-11 13:27:51'),
(376, 'Saeki Youthk', '2022-01-11 13:29:06', '2022-01-11 13:29:06'),
(377, 'Yoshii Kazuya', '2022-01-11 13:32:29', '2022-01-11 13:32:29'),
(378, 'Hikawa Kiyoshi', '2022-01-11 13:34:06', '2022-01-11 13:34:06'),
(379, 'Good Morning America', '2022-01-11 13:39:50', '2022-01-11 13:39:50'),
(380, 'KEYTALK', '2022-01-11 13:41:27', '2022-01-11 13:41:27'),
(381, 'LACCO TOWER', '2022-01-11 13:42:42', '2022-01-11 13:42:42'),
(382, 'MANNA', '2022-01-11 13:48:27', '2022-01-11 13:48:27'),
(383, 'DEEN', '2022-01-11 14:07:46', '2022-01-11 14:07:46'),
(384, 'ZARD', '2022-01-11 14:09:03', '2022-01-11 14:09:03'),
(385, 'Kudo Shizuka', '2022-01-11 14:10:23', '2022-01-11 14:10:23'),
(386, 'WANDS', '2022-01-11 14:11:53', '2022-01-11 14:11:53'),
(387, 'CHEMISTRY', '2022-01-11 14:18:36', '2022-01-11 14:18:36'),
(388, 'Fukuhara Miho', '2022-01-11 14:24:15', '2022-01-11 14:24:15'),
(389, 'lil\'B', '2022-01-11 14:27:28', '2022-01-11 14:27:28'),
(390, 'Nakagawa Shoko', '2022-01-11 14:30:24', '2022-01-11 14:30:24'),
(391, 'LEO Imai', '2022-01-11 14:46:00', '2022-01-11 14:46:00'),
(392, 'NakamuraEmi', '2022-01-11 14:48:29', '2022-01-11 14:48:29'),
(393, 'moumoon', '2022-01-11 14:54:41', '2022-01-11 14:54:41'),
(394, 'Hyadain', '2022-01-11 14:59:27', '2022-01-11 14:59:27'),
(395, 'MOB CHOIR', '2022-01-12 12:55:09', '2022-01-12 12:55:09'),
(396, 'ALL OFF', '2022-01-12 12:56:31', '2022-01-12 12:56:31'),
(397, '20th Century', '2022-01-12 13:02:13', '2022-01-12 13:02:13'),
(398, 'ZZ', '2022-01-12 13:03:18', '2022-01-12 13:03:18'),
(399, 'SHORT LEG SUMMER', '2022-01-12 13:06:00', '2022-01-12 13:06:00'),
(400, 'Ricken\'s', '2022-01-12 13:10:50', '2022-01-12 13:10:50'),
(401, 'TraxX', '2022-01-12 13:16:29', '2022-01-12 13:16:29'),
(402, 'BENI', '2022-01-12 13:17:53', '2022-01-12 13:17:53'),
(403, 'PSY s', '2022-01-12 13:45:50', '2022-01-12 13:45:50'),
(404, 'FENCE OF DEFENSE', '2022-01-12 13:47:17', '2022-01-12 13:47:17'),
(405, 'TM NETWORK', '2022-01-12 13:49:47', '2022-01-12 13:50:20');

-- --------------------------------------------------------

--
-- Structure de la table `genrables`
--

CREATE TABLE `genrables` (
  `genre_id` bigint(20) UNSIGNED NOT NULL,
  `genrable_id` bigint(20) UNSIGNED NOT NULL,
  `genrable_type` varchar(32) NOT NULL
) ENGINE=InnoDB DEFAULT CHARSET=utf8mb4 COLLATE=utf8mb4_unicode_ci;

--
-- Déchargement des données de la table `genrables`
--

INSERT INTO `genrables` (`genre_id`, `genrable_id`, `genrable_type`) VALUES
(3, 1, 'App\\Models\\Anime'),
(2, 1, 'App\\Models\\Anime'),
(32, 1, 'App\\Models\\Anime'),
(13, 1, 'App\\Models\\Anime'),
(32, 2, 'App\\Models\\Anime'),
(13, 2, 'App\\Models\\Anime'),
(24, 2, 'App\\Models\\Anime'),
(3, 2, 'App\\Models\\Anime'),
(27, 1, 'App\\Models\\Video'),
(26, 1, 'App\\Models\\Video'),
(3, 3, 'App\\Models\\Anime'),
(33, 3, 'App\\Models\\Anime'),
(34, 3, 'App\\Models\\Anime'),
(32, 4, 'App\\Models\\Anime'),
(3, 4, 'App\\Models\\Anime'),
(2, 4, 'App\\Models\\Anime'),
(14, 4, 'App\\Models\\Anime'),
(35, 4, 'App\\Models\\Anime'),
(35, 5, 'App\\Models\\Anime'),
(13, 5, 'App\\Models\\Anime'),
(15, 5, 'App\\Models\\Anime'),
(3, 5, 'App\\Models\\Anime'),
(35, 6, 'App\\Models\\Anime'),
(3, 6, 'App\\Models\\Anime'),
(13, 7, 'App\\Models\\Anime'),
(14, 7, 'App\\Models\\Anime'),
(35, 7, 'App\\Models\\Anime'),
(3, 7, 'App\\Models\\Anime'),
(32, 7, 'App\\Models\\Anime'),
(24, 7, 'App\\Models\\Anime'),
(13, 8, 'App\\Models\\Anime'),
(32, 8, 'App\\Models\\Anime'),
(14, 8, 'App\\Models\\Anime'),
(34, 8, 'App\\Models\\Anime'),
(35, 8, 'App\\Models\\Anime'),
(13, 9, 'App\\Models\\Anime'),
(35, 9, 'App\\Models\\Anime'),
(3, 9, 'App\\Models\\Anime'),
(5, 9, 'App\\Models\\Anime'),
(15, 9, 'App\\Models\\Anime'),
(2, 8, 'App\\Models\\Anime'),
(13, 10, 'App\\Models\\Anime'),
(35, 10, 'App\\Models\\Anime'),
(24, 10, 'App\\Models\\Anime'),
(16, 10, 'App\\Models\\Anime'),
(23, 10, 'App\\Models\\Anime'),
(14, 11, 'App\\Models\\Anime'),
(35, 11, 'App\\Models\\Anime'),
(16, 11, 'App\\Models\\Anime'),
(12, 11, 'App\\Models\\Anime'),
(36, 11, 'App\\Models\\Anime'),
(22, 11, 'App\\Models\\Anime'),
(32, 12, 'App\\Models\\Anime'),
(13, 12, 'App\\Models\\Anime'),
(3, 12, 'App\\Models\\Anime'),
(2, 12, 'App\\Models\\Anime'),
(14, 12, 'App\\Models\\Anime'),
(13, 13, 'App\\Models\\Anime'),
(35, 13, 'App\\Models\\Anime'),
(25, 13, 'App\\Models\\Anime'),
(34, 13, 'App\\Models\\Anime'),
(16, 13, 'App\\Models\\Anime'),
(14, 14, 'App\\Models\\Anime'),
(14, 15, 'App\\Models\\Anime'),
(13, 15, 'App\\Models\\Anime'),
(32, 15, 'App\\Models\\Anime'),
(35, 15, 'App\\Models\\Anime'),
(3, 15, 'App\\Models\\Anime'),
(2, 15, 'App\\Models\\Anime'),
(13, 16, 'App\\Models\\Anime'),
(32, 16, 'App\\Models\\Anime'),
(14, 16, 'App\\Models\\Anime'),
(35, 16, 'App\\Models\\Anime'),
(3, 16, 'App\\Models\\Anime'),
(2, 16, 'App\\Models\\Anime'),
(13, 17, 'App\\Models\\Anime'),
(2, 17, 'App\\Models\\Anime'),
(3, 17, 'App\\Models\\Anime'),
(35, 17, 'App\\Models\\Anime'),
(27, 2, 'App\\Models\\Video'),
(26, 2, 'App\\Models\\Video'),
(27, 3, 'App\\Models\\Video'),
(26, 3, 'App\\Models\\Video'),
(27, 4, 'App\\Models\\Video'),
(26, 4, 'App\\Models\\Video'),
(27, 5, 'App\\Models\\Video'),
(27, 6, 'App\\Models\\Video'),
(13, 18, 'App\\Models\\Anime'),
(32, 18, 'App\\Models\\Anime'),
(2, 18, 'App\\Models\\Anime'),
(3, 18, 'App\\Models\\Anime'),
(13, 19, 'App\\Models\\Anime'),
(13, 20, 'App\\Models\\Anime'),
(24, 20, 'App\\Models\\Anime'),
(24, 19, 'App\\Models\\Anime'),
(4, 21, 'App\\Models\\Anime'),
(37, 21, 'App\\Models\\Anime'),
(14, 21, 'App\\Models\\Anime'),
(38, 22, 'App\\Models\\Anime'),
(14, 22, 'App\\Models\\Anime'),
(13, 22, 'App\\Models\\Anime'),
(3, 22, 'App\\Models\\Anime'),
(39, 23, 'App\\Models\\Anime'),
(13, 23, 'App\\Models\\Anime'),
(14, 23, 'App\\Models\\Anime'),
(5, 23, 'App\\Models\\Anime'),
(33, 24, 'App\\Models\\Anime'),
(13, 24, 'App\\Models\\Anime'),
(14, 24, 'App\\Models\\Anime'),
(39, 25, 'App\\Models\\Anime'),
(13, 25, 'App\\Models\\Anime'),
(35, 25, 'App\\Models\\Anime'),
(4, 26, 'App\\Models\\Anime'),
(37, 26, 'App\\Models\\Anime'),
(16, 26, 'App\\Models\\Anime'),
(14, 26, 'App\\Models\\Anime'),
(4, 27, 'App\\Models\\Anime'),
(16, 27, 'App\\Models\\Anime'),
(35, 27, 'App\\Models\\Anime'),
(3, 28, 'App\\Models\\Anime'),
(13, 28, 'App\\Models\\Anime'),
(32, 28, 'App\\Models\\Anime'),
(14, 28, 'App\\Models\\Anime'),
(13, 29, 'App\\Models\\Anime'),
(32, 29, 'App\\Models\\Anime'),
(3, 29, 'App\\Models\\Anime'),
(14, 29, 'App\\Models\\Anime'),
(13, 30, 'App\\Models\\Anime'),
(32, 30, 'App\\Models\\Anime'),
(14, 30, 'App\\Models\\Anime'),
(3, 30, 'App\\Models\\Anime'),
(5, 31, 'App\\Models\\Anime'),
(35, 31, 'App\\Models\\Anime'),
(34, 31, 'App\\Models\\Anime'),
(13, 32, 'App\\Models\\Anime'),
(38, 32, 'App\\Models\\Anime'),
(32, 32, 'App\\Models\\Anime'),
(14, 32, 'App\\Models\\Anime'),
(13, 33, 'App\\Models\\Anime'),
(32, 33, 'App\\Models\\Anime'),
(38, 33, 'App\\Models\\Anime'),
(3, 33, 'App\\Models\\Anime'),
(2, 33, 'App\\Models\\Anime'),
(13, 34, 'App\\Models\\Anime'),
(32, 34, 'App\\Models\\Anime'),
(38, 34, 'App\\Models\\Anime'),
(3, 34, 'App\\Models\\Anime'),
(2, 34, 'App\\Models\\Anime'),
(13, 35, 'App\\Models\\Anime'),
(32, 35, 'App\\Models\\Anime'),
(38, 35, 'App\\Models\\Anime'),
(3, 35, 'App\\Models\\Anime'),
(13, 36, 'App\\Models\\Anime'),
(32, 36, 'App\\Models\\Anime'),
(38, 36, 'App\\Models\\Anime'),
(2, 36, 'App\\Models\\Anime'),
(3, 36, 'App\\Models\\Anime'),
(13, 37, 'App\\Models\\Anime'),
(32, 37, 'App\\Models\\Anime'),
(2, 37, 'App\\Models\\Anime'),
(3, 37, 'App\\Models\\Anime'),
(14, 38, 'App\\Models\\Anime'),
(33, 38, 'App\\Models\\Anime'),
(12, 38, 'App\\Models\\Anime'),
(27, 7, 'App\\Models\\Video'),
(33, 39, 'App\\Models\\Anime'),
(12, 39, 'App\\Models\\Anime'),
(33, 40, 'App\\Models\\Anime'),
(33, 41, 'App\\Models\\Anime'),
(32, 41, 'App\\Models\\Anime'),
(33, 42, 'App\\Models\\Anime'),
(14, 42, 'App\\Models\\Anime'),
(12, 42, 'App\\Models\\Anime'),
(27, 8, 'App\\Models\\Video'),
(26, 8, 'App\\Models\\Video'),
(33, 44, 'App\\Models\\Anime'),
(38, 44, 'App\\Models\\Anime'),
(12, 44, 'App\\Models\\Anime'),
(33, 45, 'App\\Models\\Anime'),
(26, 9, 'App\\Models\\Video'),
(27, 10, 'App\\Models\\Video'),
(26, 10, 'App\\Models\\Video'),
(26, 11, 'App\\Models\\Video'),
(27, 12, 'App\\Models\\Video'),
(26, 12, 'App\\Models\\Video'),
(27, 13, 'App\\Models\\Video'),
(27, 14, 'App\\Models\\Video'),
(26, 14, 'App\\Models\\Video'),
(33, 46, 'App\\Models\\Anime'),
(12, 46, 'App\\Models\\Anime'),
(27, 15, 'App\\Models\\Video'),
(26, 15, 'App\\Models\\Video'),
(27, 16, 'App\\Models\\Video'),
(27, 17, 'App\\Models\\Video'),
(26, 17, 'App\\Models\\Video'),
(26, 18, 'App\\Models\\Video'),
(33, 47, 'App\\Models\\Anime'),
(12, 47, 'App\\Models\\Anime'),
(14, 47, 'App\\Models\\Anime'),
(33, 48, 'App\\Models\\Anime'),
(16, 48, 'App\\Models\\Anime'),
(12, 48, 'App\\Models\\Anime'),
(27, 19, 'App\\Models\\Video'),
(33, 49, 'App\\Models\\Anime'),
(14, 49, 'App\\Models\\Anime'),
(12, 49, 'App\\Models\\Anime'),
(33, 50, 'App\\Models\\Anime'),
(33, 51, 'App\\Models\\Anime'),
(9, 51, 'App\\Models\\Anime'),
(14, 51, 'App\\Models\\Anime'),
(33, 52, 'App\\Models\\Anime'),
(12, 52, 'App\\Models\\Anime'),
(33, 53, 'App\\Models\\Anime'),
(16, 53, 'App\\Models\\Anime'),
(35, 54, 'App\\Models\\Anime'),
(33, 54, 'App\\Models\\Anime'),
(12, 54, 'App\\Models\\Anime'),
(14, 55, 'App\\Models\\Anime'),
(33, 55, 'App\\Models\\Anime'),
(12, 55, 'App\\Models\\Anime'),
(33, 56, 'App\\Models\\Anime'),
(12, 56, 'App\\Models\\Anime'),
(14, 57, 'App\\Models\\Anime'),
(33, 57, 'App\\Models\\Anime'),
(12, 57, 'App\\Models\\Anime'),
(16, 57, 'App\\Models\\Anime'),
(33, 58, 'App\\Models\\Anime'),
(12, 58, 'App\\Models\\Anime'),
(14, 58, 'App\\Models\\Anime'),
(33, 59, 'App\\Models\\Anime'),
(12, 60, 'App\\Models\\Anime'),
(33, 60, 'App\\Models\\Anime'),
(33, 61, 'App\\Models\\Anime'),
(12, 61, 'App\\Models\\Anime'),
(14, 61, 'App\\Models\\Anime'),
(33, 62, 'App\\Models\\Anime'),
(12, 62, 'App\\Models\\Anime'),
(33, 64, 'App\\Models\\Anime'),
(13, 64, 'App\\Models\\Anime'),
(38, 64, 'App\\Models\\Anime'),
(33, 65, 'App\\Models\\Anime'),
(12, 65, 'App\\Models\\Anime'),
(33, 66, 'App\\Models\\Anime'),
(12, 66, 'App\\Models\\Anime'),
(16, 66, 'App\\Models\\Anime'),
(14, 66, 'App\\Models\\Anime'),
(33, 67, 'App\\Models\\Anime'),
(32, 68, 'App\\Models\\Anime'),
(35, 68, 'App\\Models\\Anime'),
(40, 68, 'App\\Models\\Anime'),
(3, 68, 'App\\Models\\Anime'),
(2, 68, 'App\\Models\\Anime'),
(26, 20, 'App\\Models\\Video'),
(26, 21, 'App\\Models\\Video'),
(27, 22, 'App\\Models\\Video'),
(27, 23, 'App\\Models\\Video'),
(27, 24, 'App\\Models\\Video'),
(26, 25, 'App\\Models\\Video'),
(27, 25, 'App\\Models\\Video'),
(30, 25, 'App\\Models\\Video'),
(27, 26, 'App\\Models\\Video'),
(26, 26, 'App\\Models\\Video'),
(30, 26, 'App\\Models\\Video'),
(27, 27, 'App\\Models\\Video'),
(26, 27, 'App\\Models\\Video'),
(27, 28, 'App\\Models\\Video'),
(26, 28, 'App\\Models\\Video'),
(27, 29, 'App\\Models\\Video'),
(26, 29, 'App\\Models\\Video'),
(26, 30, 'App\\Models\\Video'),
(27, 30, 'App\\Models\\Video'),
(30, 30, 'App\\Models\\Video'),
(27, 31, 'App\\Models\\Video'),
(26, 31, 'App\\Models\\Video'),
(27, 32, 'App\\Models\\Video'),
(26, 32, 'App\\Models\\Video'),
(26, 33, 'App\\Models\\Video'),
(27, 33, 'App\\Models\\Video'),
(27, 34, 'App\\Models\\Video'),
(26, 34, 'App\\Models\\Video'),
(26, 35, 'App\\Models\\Video'),
(27, 36, 'App\\Models\\Video'),
(26, 36, 'App\\Models\\Video'),
(27, 37, 'App\\Models\\Video'),
(26, 37, 'App\\Models\\Video'),
(27, 38, 'App\\Models\\Video'),
(26, 39, 'App\\Models\\Video'),
(30, 39, 'App\\Models\\Video'),
(26, 40, 'App\\Models\\Video'),
(27, 40, 'App\\Models\\Video'),
(26, 41, 'App\\Models\\Video'),
(27, 41, 'App\\Models\\Video'),
(27, 42, 'App\\Models\\Video'),
(27, 43, 'App\\Models\\Video'),
(27, 44, 'App\\Models\\Video'),
(29, 44, 'App\\Models\\Video'),
(27, 45, 'App\\Models\\Video'),
(27, 46, 'App\\Models\\Video'),
(27, 47, 'App\\Models\\Video'),
(27, 48, 'App\\Models\\Video'),
(27, 49, 'App\\Models\\Video'),
(26, 49, 'App\\Models\\Video'),
(27, 50, 'App\\Models\\Video'),
(27, 51, 'App\\Models\\Video'),
(27, 52, 'App\\Models\\Video'),
(27, 53, 'App\\Models\\Video'),
(27, 54, 'App\\Models\\Video'),
(27, 55, 'App\\Models\\Video'),
(26, 55, 'App\\Models\\Video'),
(27, 56, 'App\\Models\\Video'),
(27, 57, 'App\\Models\\Video'),
(27, 58, 'App\\Models\\Video'),
(27, 59, 'App\\Models\\Video'),
(26, 59, 'App\\Models\\Video'),
(27, 60, 'App\\Models\\Video'),
(26, 60, 'App\\Models\\Video'),
(27, 61, 'App\\Models\\Video'),
(27, 62, 'App\\Models\\Video'),
(27, 63, 'App\\Models\\Video'),
(27, 64, 'App\\Models\\Video'),
(26, 64, 'App\\Models\\Video'),
(27, 65, 'App\\Models\\Video'),
(26, 65, 'App\\Models\\Video'),
(27, 66, 'App\\Models\\Video'),
(27, 67, 'App\\Models\\Video'),
(27, 68, 'App\\Models\\Video'),
(26, 68, 'App\\Models\\Video'),
(27, 69, 'App\\Models\\Video'),
(26, 70, 'App\\Models\\Video'),
(27, 70, 'App\\Models\\Video'),
(5, 69, 'App\\Models\\Anime'),
(13, 69, 'App\\Models\\Anime'),
(32, 69, 'App\\Models\\Anime'),
(14, 69, 'App\\Models\\Anime'),
(24, 69, 'App\\Models\\Anime'),
(13, 70, 'App\\Models\\Anime'),
(32, 70, 'App\\Models\\Anime'),
(24, 70, 'App\\Models\\Anime'),
(5, 70, 'App\\Models\\Anime'),
(27, 71, 'App\\Models\\Video'),
(26, 71, 'App\\Models\\Video'),
(26, 72, 'App\\Models\\Video'),
(27, 72, 'App\\Models\\Video'),
(27, 73, 'App\\Models\\Video'),
(13, 71, 'App\\Models\\Anime'),
(38, 71, 'App\\Models\\Anime'),
(5, 71, 'App\\Models\\Anime'),
(27, 74, 'App\\Models\\Video'),
(26, 74, 'App\\Models\\Video'),
(27, 75, 'App\\Models\\Video'),
(26, 75, 'App\\Models\\Video'),
(27, 76, 'App\\Models\\Video'),
(26, 76, 'App\\Models\\Video'),
(26, 77, 'App\\Models\\Video'),
(26, 78, 'App\\Models\\Video'),
(27, 79, 'App\\Models\\Video'),
(26, 79, 'App\\Models\\Video'),
(3, 72, 'App\\Models\\Anime'),
(37, 72, 'App\\Models\\Anime'),
(42, 72, 'App\\Models\\Anime'),
(13, 72, 'App\\Models\\Anime'),
(14, 72, 'App\\Models\\Anime'),
(5, 73, 'App\\Models\\Anime'),
(35, 73, 'App\\Models\\Anime'),
(16, 73, 'App\\Models\\Anime'),
(12, 73, 'App\\Models\\Anime'),
(14, 74, 'App\\Models\\Anime'),
(37, 74, 'App\\Models\\Anime'),
(24, 74, 'App\\Models\\Anime'),
(12, 74, 'App\\Models\\Anime'),
(14, 75, 'App\\Models\\Anime'),
(9, 75, 'App\\Models\\Anime'),
(12, 75, 'App\\Models\\Anime'),
(37, 75, 'App\\Models\\Anime'),
(27, 80, 'App\\Models\\Video'),
(27, 82, 'App\\Models\\Video'),
(26, 82, 'App\\Models\\Video'),
(26, 83, 'App\\Models\\Video'),
(27, 84, 'App\\Models\\Video'),
(14, 76, 'App\\Models\\Anime'),
(36, 76, 'App\\Models\\Anime'),
(4, 76, 'App\\Models\\Anime'),
(12, 76, 'App\\Models\\Anime'),
(24, 77, 'App\\Models\\Anime'),
(35, 77, 'App\\Models\\Anime'),
(5, 77, 'App\\Models\\Anime'),
(34, 77, 'App\\Models\\Anime'),
(42, 77, 'App\\Models\\Anime'),
(42, 78, 'App\\Models\\Anime'),
(35, 78, 'App\\Models\\Anime'),
(15, 78, 'App\\Models\\Anime'),
(39, 78, 'App\\Models\\Anime'),
(32, 79, 'App\\Models\\Anime'),
(38, 79, 'App\\Models\\Anime'),
(14, 79, 'App\\Models\\Anime'),
(16, 79, 'App\\Models\\Anime'),
(14, 80, 'App\\Models\\Anime'),
(38, 80, 'App\\Models\\Anime'),
(16, 80, 'App\\Models\\Anime'),
(14, 81, 'App\\Models\\Anime'),
(38, 81, 'App\\Models\\Anime'),
(16, 81, 'App\\Models\\Anime'),
(43, 81, 'App\\Models\\Anime'),
(38, 82, 'App\\Models\\Anime'),
(14, 82, 'App\\Models\\Anime'),
(16, 82, 'App\\Models\\Anime'),
(39, 82, 'App\\Models\\Anime'),
(13, 83, 'App\\Models\\Anime'),
(3, 83, 'App\\Models\\Anime'),
(32, 83, 'App\\Models\\Anime'),
(14, 83, 'App\\Models\\Anime'),
(35, 83, 'App\\Models\\Anime'),
(42, 83, 'App\\Models\\Anime'),
(3, 84, 'App\\Models\\Anime'),
(14, 84, 'App\\Models\\Anime'),
(13, 84, 'App\\Models\\Anime'),
(38, 84, 'App\\Models\\Anime'),
(13, 85, 'App\\Models\\Anime'),
(14, 85, 'App\\Models\\Anime'),
(12, 85, 'App\\Models\\Anime'),
(32, 85, 'App\\Models\\Anime'),
(32, 86, 'App\\Models\\Anime'),
(14, 86, 'App\\Models\\Anime'),
(12, 86, 'App\\Models\\Anime'),
(44, 87, 'App\\Models\\Anime'),
(13, 87, 'App\\Models\\Anime'),
(14, 87, 'App\\Models\\Anime'),
(35, 87, 'App\\Models\\Anime'),
(43, 87, 'App\\Models\\Anime'),
(35, 88, 'App\\Models\\Anime'),
(5, 88, 'App\\Models\\Anime'),
(16, 88, 'App\\Models\\Anime'),
(13, 89, 'App\\Models\\Anime'),
(15, 89, 'App\\Models\\Anime'),
(5, 89, 'App\\Models\\Anime'),
(32, 90, 'App\\Models\\Anime'),
(14, 90, 'App\\Models\\Anime'),
(12, 90, 'App\\Models\\Anime'),
(37, 90, 'App\\Models\\Anime'),
(42, 90, 'App\\Models\\Anime'),
(13, 91, 'App\\Models\\Anime'),
(32, 91, 'App\\Models\\Anime'),
(3, 92, 'App\\Models\\Anime'),
(38, 92, 'App\\Models\\Anime'),
(32, 92, 'App\\Models\\Anime'),
(11, 93, 'App\\Models\\Anime'),
(4, 93, 'App\\Models\\Anime'),
(38, 93, 'App\\Models\\Anime'),
(32, 93, 'App\\Models\\Anime'),
(14, 93, 'App\\Models\\Anime'),
(16, 93, 'App\\Models\\Anime'),
(37, 93, 'App\\Models\\Anime'),
(23, 94, 'App\\Models\\Anime'),
(32, 94, 'App\\Models\\Anime'),
(13, 94, 'App\\Models\\Anime'),
(35, 94, 'App\\Models\\Anime'),
(34, 94, 'App\\Models\\Anime'),
(3, 94, 'App\\Models\\Anime'),
(13, 95, 'App\\Models\\Anime'),
(14, 95, 'App\\Models\\Anime'),
(35, 95, 'App\\Models\\Anime'),
(16, 95, 'App\\Models\\Anime'),
(3, 96, 'App\\Models\\Anime'),
(38, 96, 'App\\Models\\Anime'),
(13, 96, 'App\\Models\\Anime'),
(14, 96, 'App\\Models\\Anime'),
(35, 96, 'App\\Models\\Anime'),
(13, 97, 'App\\Models\\Anime'),
(14, 97, 'App\\Models\\Anime'),
(35, 97, 'App\\Models\\Anime'),
(16, 97, 'App\\Models\\Anime'),
(27, 85, 'App\\Models\\Video'),
(32, 85, 'App\\Models\\Video'),
(13, 85, 'App\\Models\\Video'),
(38, 85, 'App\\Models\\Video'),
(14, 85, 'App\\Models\\Video'),
(44, 98, 'App\\Models\\Anime'),
(43, 98, 'App\\Models\\Anime'),
(5, 98, 'App\\Models\\Anime'),
(35, 98, 'App\\Models\\Anime'),
(16, 99, 'App\\Models\\Anime'),
(14, 99, 'App\\Models\\Anime'),
(35, 99, 'App\\Models\\Anime'),
(4, 99, 'App\\Models\\Anime'),
(37, 99, 'App\\Models\\Anime'),
(42, 100, 'App\\Models\\Anime'),
(15, 100, 'App\\Models\\Anime'),
(13, 100, 'App\\Models\\Anime'),
(43, 100, 'App\\Models\\Anime'),
(5, 100, 'App\\Models\\Anime'),
(34, 100, 'App\\Models\\Anime'),
(27, 86, 'App\\Models\\Video'),
(26, 86, 'App\\Models\\Video'),
(27, 87, 'App\\Models\\Video'),
(26, 87, 'App\\Models\\Video'),
(27, 88, 'App\\Models\\Video'),
(26, 88, 'App\\Models\\Video'),
(27, 89, 'App\\Models\\Video'),
(26, 89, 'App\\Models\\Video'),
(35, 101, 'App\\Models\\Anime'),
(43, 101, 'App\\Models\\Anime'),
(16, 101, 'App\\Models\\Anime'),
(37, 101, 'App\\Models\\Anime'),
(12, 101, 'App\\Models\\Anime'),
(42, 101, 'App\\Models\\Anime'),
(16, 102, 'App\\Models\\Anime'),
(45, 102, 'App\\Models\\Anime'),
(27, 90, 'App\\Models\\Video'),
(26, 90, 'App\\Models\\Video'),
(27, 91, 'App\\Models\\Video'),
(26, 91, 'App\\Models\\Video'),
(27, 92, 'App\\Models\\Video'),
(26, 92, 'App\\Models\\Video'),
(27, 93, 'App\\Models\\Video'),
(26, 93, 'App\\Models\\Video'),
(14, 103, 'App\\Models\\Anime'),
(35, 103, 'App\\Models\\Anime'),
(16, 103, 'App\\Models\\Anime'),
(12, 103, 'App\\Models\\Anime'),
(42, 103, 'App\\Models\\Anime'),
(27, 94, 'App\\Models\\Video'),
(26, 94, 'App\\Models\\Video'),
(27, 95, 'App\\Models\\Video'),
(26, 95, 'App\\Models\\Video'),
(13, 104, 'App\\Models\\Anime'),
(14, 104, 'App\\Models\\Anime'),
(35, 104, 'App\\Models\\Anime'),
(43, 104, 'App\\Models\\Anime'),
(34, 104, 'App\\Models\\Anime'),
(37, 104, 'App\\Models\\Anime'),
(16, 104, 'App\\Models\\Anime'),
(12, 104, 'App\\Models\\Anime'),
(5, 104, 'App\\Models\\Anime'),
(13, 96, 'App\\Models\\Video'),
(32, 96, 'App\\Models\\Video'),
(14, 96, 'App\\Models\\Video'),
(38, 96, 'App\\Models\\Video'),
(35, 96, 'App\\Models\\Video'),
(27, 96, 'App\\Models\\Video'),
(3, 96, 'App\\Models\\Video'),
(27, 97, 'App\\Models\\Video'),
(26, 97, 'App\\Models\\Video'),
(13, 97, 'App\\Models\\Video'),
(32, 97, 'App\\Models\\Video'),
(38, 97, 'App\\Models\\Video'),
(14, 97, 'App\\Models\\Video'),
(35, 97, 'App\\Models\\Video'),
(3, 97, 'App\\Models\\Video'),
(13, 98, 'App\\Models\\Video'),
(26, 98, 'App\\Models\\Video'),
(28, 98, 'App\\Models\\Video'),
(3, 98, 'App\\Models\\Video'),
(27, 99, 'App\\Models\\Video'),
(27, 100, 'App\\Models\\Video'),
(26, 100, 'App\\Models\\Video'),
(45, 100, 'App\\Models\\Video'),
(15, 100, 'App\\Models\\Video'),
(5, 100, 'App\\Models\\Video'),
(50, 101, 'App\\Models\\Video'),
(37, 101, 'App\\Models\\Video'),
(14, 101, 'App\\Models\\Video'),
(35, 101, 'App\\Models\\Video'),
(3, 101, 'App\\Models\\Video'),
(16, 101, 'App\\Models\\Video'),
(3, 105, 'App\\Models\\Anime'),
(45, 105, 'App\\Models\\Anime'),
(13, 105, 'App\\Models\\Anime'),
(32, 105, 'App\\Models\\Anime'),
(35, 105, 'App\\Models\\Anime'),
(3, 102, 'App\\Models\\Video'),
(27, 102, 'App\\Models\\Video'),
(13, 102, 'App\\Models\\Video'),
(32, 102, 'App\\Models\\Video'),
(13, 106, 'App\\Models\\Anime'),
(32, 106, 'App\\Models\\Anime'),
(5, 106, 'App\\Models\\Anime'),
(13, 107, 'App\\Models\\Anime'),
(32, 107, 'App\\Models\\Anime'),
(14, 107, 'App\\Models\\Anime'),
(35, 107, 'App\\Models\\Anime'),
(43, 107, 'App\\Models\\Anime'),
(3, 107, 'App\\Models\\Anime'),
(42, 107, 'App\\Models\\Anime'),
(13, 108, 'App\\Models\\Anime'),
(32, 108, 'App\\Models\\Anime'),
(3, 108, 'App\\Models\\Anime'),
(38, 108, 'App\\Models\\Anime'),
(14, 108, 'App\\Models\\Anime'),
(42, 108, 'App\\Models\\Anime'),
(5, 109, 'App\\Models\\Anime'),
(13, 109, 'App\\Models\\Anime'),
(30, 103, 'App\\Models\\Video'),
(26, 103, 'App\\Models\\Video'),
(35, 103, 'App\\Models\\Video'),
(30, 104, 'App\\Models\\Video'),
(35, 104, 'App\\Models\\Video'),
(5, 104, 'App\\Models\\Video'),
(34, 104, 'App\\Models\\Video'),
(35, 105, 'App\\Models\\Video'),
(26, 105, 'App\\Models\\Video'),
(30, 106, 'App\\Models\\Video'),
(26, 106, 'App\\Models\\Video'),
(27, 107, 'App\\Models\\Video'),
(35, 107, 'App\\Models\\Video'),
(5, 107, 'App\\Models\\Video'),
(27, 108, 'App\\Models\\Video'),
(35, 108, 'App\\Models\\Video'),
(5, 108, 'App\\Models\\Video'),
(34, 108, 'App\\Models\\Video'),
(26, 109, 'App\\Models\\Video'),
(27, 109, 'App\\Models\\Video'),
(35, 109, 'App\\Models\\Video'),
(5, 109, 'App\\Models\\Video'),
(26, 110, 'App\\Models\\Video'),
(26, 111, 'App\\Models\\Video'),
(14, 111, 'App\\Models\\Video'),
(3, 111, 'App\\Models\\Video'),
(14, 112, 'App\\Models\\Video'),
(27, 112, 'App\\Models\\Video'),
(3, 112, 'App\\Models\\Video'),
(26, 113, 'App\\Models\\Video'),
(27, 113, 'App\\Models\\Video'),
(14, 113, 'App\\Models\\Video'),
(13, 113, 'App\\Models\\Video'),
(3, 113, 'App\\Models\\Video'),
(27, 114, 'App\\Models\\Video'),
(14, 114, 'App\\Models\\Video'),
(13, 114, 'App\\Models\\Video'),
(3, 114, 'App\\Models\\Video'),
(26, 115, 'App\\Models\\Video'),
(14, 115, 'App\\Models\\Video'),
(3, 115, 'App\\Models\\Video'),
(13, 115, 'App\\Models\\Video'),
(13, 116, 'App\\Models\\Video'),
(14, 116, 'App\\Models\\Video'),
(27, 116, 'App\\Models\\Video'),
(3, 116, 'App\\Models\\Video'),
(27, 117, 'App\\Models\\Video'),
(27, 118, 'App\\Models\\Video'),
(27, 119, 'App\\Models\\Video'),
(26, 120, 'App\\Models\\Video'),
(30, 120, 'App\\Models\\Video'),
(13, 120, 'App\\Models\\Video'),
(14, 120, 'App\\Models\\Video'),
(5, 120, 'App\\Models\\Video'),
(27, 121, 'App\\Models\\Video'),
(26, 121, 'App\\Models\\Video'),
(26, 122, 'App\\Models\\Video'),
(30, 122, 'App\\Models\\Video'),
(27, 123, 'App\\Models\\Video'),
(26, 123, 'App\\Models\\Video'),
(32, 123, 'App\\Models\\Video'),
(27, 124, 'App\\Models\\Video'),
(26, 124, 'App\\Models\\Video'),
(26, 125, 'App\\Models\\Video'),
(27, 125, 'App\\Models\\Video'),
(26, 126, 'App\\Models\\Video'),
(26, 127, 'App\\Models\\Video'),
(26, 128, 'App\\Models\\Video'),
(26, 129, 'App\\Models\\Video'),
(30, 129, 'App\\Models\\Video'),
(26, 130, 'App\\Models\\Video'),
(30, 130, 'App\\Models\\Video'),
(26, 131, 'App\\Models\\Video'),
(31, 131, 'App\\Models\\Video'),
(27, 132, 'App\\Models\\Video'),
(13, 110, 'App\\Models\\Anime'),
(24, 110, 'App\\Models\\Anime'),
(32, 110, 'App\\Models\\Anime'),
(14, 110, 'App\\Models\\Anime'),
(32, 133, 'App\\Models\\Video'),
(14, 133, 'App\\Models\\Video'),
(24, 133, 'App\\Models\\Video'),
(51, 133, 'App\\Models\\Video'),
(27, 134, 'App\\Models\\Video'),
(27, 135, 'App\\Models\\Video'),
(14, 111, 'App\\Models\\Anime'),
(17, 111, 'App\\Models\\Anime'),
(16, 111, 'App\\Models\\Anime'),
(27, 136, 'App\\Models\\Video'),
(26, 137, 'App\\Models\\Video'),
(13, 112, 'App\\Models\\Anime'),
(32, 112, 'App\\Models\\Anime'),
(24, 112, 'App\\Models\\Anime'),
(3, 112, 'App\\Models\\Anime'),
(13, 113, 'App\\Models\\Anime'),
(32, 113, 'App\\Models\\Anime'),
(24, 113, 'App\\Models\\Anime'),
(3, 113, 'App\\Models\\Anime'),
(13, 115, 'App\\Models\\Anime'),
(32, 115, 'App\\Models\\Anime'),
(24, 115, 'App\\Models\\Anime'),
(3, 115, 'App\\Models\\Anime'),
(27, 138, 'App\\Models\\Video'),
(27, 139, 'App\\Models\\Video'),
(27, 140, 'App\\Models\\Video'),
(27, 141, 'App\\Models\\Video'),
(27, 142, 'App\\Models\\Video'),
(27, 143, 'App\\Models\\Video'),
(13, 116, 'App\\Models\\Anime'),
(32, 116, 'App\\Models\\Anime'),
(38, 116, 'App\\Models\\Anime'),
(14, 116, 'App\\Models\\Anime'),
(35, 116, 'App\\Models\\Anime'),
(24, 116, 'App\\Models\\Anime'),
(40, 116, 'App\\Models\\Anime'),
(3, 116, 'App\\Models\\Anime'),
(51, 116, 'App\\Models\\Anime'),
(14, 117, 'App\\Models\\Anime'),
(35, 117, 'App\\Models\\Anime'),
(12, 117, 'App\\Models\\Anime'),
(33, 117, 'App\\Models\\Anime'),
(13, 118, 'App\\Models\\Anime'),
(32, 118, 'App\\Models\\Anime'),
(35, 118, 'App\\Models\\Anime'),
(24, 118, 'App\\Models\\Anime'),
(42, 118, 'App\\Models\\Anime'),
(27, 144, 'App\\Models\\Video'),
(26, 145, 'App\\Models\\Video'),
(26, 146, 'App\\Models\\Video'),
(27, 147, 'App\\Models\\Video'),
(13, 119, 'App\\Models\\Anime'),
(14, 119, 'App\\Models\\Anime'),
(9, 119, 'App\\Models\\Anime'),
(22, 119, 'App\\Models\\Anime'),
(24, 119, 'App\\Models\\Anime'),
(16, 119, 'App\\Models\\Anime'),
(3, 119, 'App\\Models\\Anime'),
(42, 119, 'App\\Models\\Anime'),
(13, 120, 'App\\Models\\Anime'),
(32, 120, 'App\\Models\\Anime'),
(38, 120, 'App\\Models\\Anime'),
(14, 120, 'App\\Models\\Anime'),
(35, 120, 'App\\Models\\Anime'),
(15, 120, 'App\\Models\\Anime'),
(3, 120, 'App\\Models\\Anime'),
(12, 120, 'App\\Models\\Anime'),
(42, 120, 'App\\Models\\Anime'),
(14, 121, 'App\\Models\\Anime'),
(35, 121, 'App\\Models\\Anime'),
(3, 121, 'App\\Models\\Anime'),
(38, 121, 'App\\Models\\Anime'),
(33, 121, 'App\\Models\\Anime'),
(13, 122, 'App\\Models\\Anime'),
(32, 122, 'App\\Models\\Anime'),
(35, 122, 'App\\Models\\Anime'),
(9, 122, 'App\\Models\\Anime'),
(15, 122, 'App\\Models\\Anime'),
(51, 122, 'App\\Models\\Anime'),
(3, 122, 'App\\Models\\Anime'),
(42, 122, 'App\\Models\\Anime'),
(14, 123, 'App\\Models\\Anime'),
(35, 123, 'App\\Models\\Anime'),
(33, 123, 'App\\Models\\Anime'),
(3, 123, 'App\\Models\\Anime'),
(13, 124, 'App\\Models\\Anime'),
(15, 124, 'App\\Models\\Anime'),
(43, 124, 'App\\Models\\Anime'),
(34, 124, 'App\\Models\\Anime'),
(46, 124, 'App\\Models\\Anime'),
(5, 124, 'App\\Models\\Anime'),
(14, 125, 'App\\Models\\Anime'),
(37, 125, 'App\\Models\\Anime'),
(12, 125, 'App\\Models\\Anime'),
(14, 126, 'App\\Models\\Anime'),
(16, 126, 'App\\Models\\Anime'),
(3, 126, 'App\\Models\\Anime'),
(14, 127, 'App\\Models\\Anime'),
(34, 127, 'App\\Models\\Anime'),
(37, 127, 'App\\Models\\Anime'),
(3, 127, 'App\\Models\\Anime'),
(42, 127, 'App\\Models\\Anime'),
(13, 128, 'App\\Models\\Anime'),
(14, 128, 'App\\Models\\Anime'),
(9, 128, 'App\\Models\\Anime'),
(13, 129, 'App\\Models\\Anime'),
(14, 129, 'App\\Models\\Anime'),
(35, 129, 'App\\Models\\Anime'),
(24, 129, 'App\\Models\\Anime'),
(43, 129, 'App\\Models\\Anime'),
(34, 129, 'App\\Models\\Anime'),
(16, 129, 'App\\Models\\Anime'),
(42, 129, 'App\\Models\\Anime'),
(14, 130, 'App\\Models\\Anime'),
(12, 130, 'App\\Models\\Anime'),
(3, 130, 'App\\Models\\Anime'),
(33, 130, 'App\\Models\\Anime'),
(13, 131, 'App\\Models\\Anime'),
(14, 131, 'App\\Models\\Anime'),
(38, 131, 'App\\Models\\Anime'),
(35, 131, 'App\\Models\\Anime'),
(9, 131, 'App\\Models\\Anime'),
(37, 131, 'App\\Models\\Anime'),
(3, 131, 'App\\Models\\Anime'),
(42, 131, 'App\\Models\\Anime'),
(32, 132, 'App\\Models\\Anime'),
(14, 132, 'App\\Models\\Anime'),
(24, 132, 'App\\Models\\Anime'),
(48, 132, 'App\\Models\\Anime'),
(13, 133, 'App\\Models\\Anime'),
(32, 133, 'App\\Models\\Anime'),
(14, 133, 'App\\Models\\Anime'),
(35, 133, 'App\\Models\\Anime'),
(40, 133, 'App\\Models\\Anime'),
(3, 133, 'App\\Models\\Anime'),
(13, 134, 'App\\Models\\Anime'),
(32, 134, 'App\\Models\\Anime'),
(14, 134, 'App\\Models\\Anime'),
(35, 134, 'App\\Models\\Anime'),
(43, 134, 'App\\Models\\Anime'),
(42, 134, 'App\\Models\\Anime'),
(14, 135, 'App\\Models\\Anime'),
(12, 135, 'App\\Models\\Anime'),
(13, 136, 'App\\Models\\Anime'),
(32, 136, 'App\\Models\\Anime'),
(38, 136, 'App\\Models\\Anime'),
(14, 136, 'App\\Models\\Anime'),
(35, 136, 'App\\Models\\Anime'),
(24, 136, 'App\\Models\\Anime'),
(15, 136, 'App\\Models\\Anime'),
(42, 136, 'App\\Models\\Anime'),
(13, 137, 'App\\Models\\Anime'),
(35, 137, 'App\\Models\\Anime'),
(51, 137, 'App\\Models\\Anime'),
(42, 137, 'App\\Models\\Anime'),
(3, 137, 'App\\Models\\Anime'),
(26, 148, 'App\\Models\\Video'),
(33, 148, 'App\\Models\\Video'),
(26, 149, 'App\\Models\\Video'),
(27, 149, 'App\\Models\\Video'),
(33, 149, 'App\\Models\\Video'),
(3, 138, 'App\\Models\\Anime'),
(3, 150, 'App\\Models\\Video'),
(3, 151, 'App\\Models\\Video'),
(3, 152, 'App\\Models\\Video'),
(4, 139, 'App\\Models\\Anime'),
(35, 139, 'App\\Models\\Anime'),
(43, 139, 'App\\Models\\Anime'),
(42, 139, 'App\\Models\\Anime'),
(37, 139, 'App\\Models\\Anime'),
(16, 139, 'App\\Models\\Anime'),
(4, 154, 'App\\Models\\Video'),
(4, 155, 'App\\Models\\Video'),
(13, 140, 'App\\Models\\Anime'),
(32, 140, 'App\\Models\\Anime'),
(14, 140, 'App\\Models\\Anime'),
(35, 140, 'App\\Models\\Anime'),
(43, 140, 'App\\Models\\Anime'),
(46, 140, 'App\\Models\\Anime'),
(13, 156, 'App\\Models\\Video'),
(46, 156, 'App\\Models\\Video'),
(43, 156, 'App\\Models\\Video'),
(32, 156, 'App\\Models\\Video'),
(13, 157, 'App\\Models\\Video'),
(32, 157, 'App\\Models\\Video'),
(46, 157, 'App\\Models\\Video'),
(43, 157, 'App\\Models\\Video'),
(35, 141, 'App\\Models\\Anime'),
(16, 141, 'App\\Models\\Anime'),
(37, 141, 'App\\Models\\Anime'),
(12, 141, 'App\\Models\\Anime'),
(35, 158, 'App\\Models\\Video'),
(4, 158, 'App\\Models\\Video'),
(16, 158, 'App\\Models\\Video'),
(37, 158, 'App\\Models\\Video'),
(12, 158, 'App\\Models\\Video'),
(4, 159, 'App\\Models\\Video'),
(35, 159, 'App\\Models\\Video'),
(12, 159, 'App\\Models\\Video'),
(37, 159, 'App\\Models\\Video'),
(16, 159, 'App\\Models\\Video'),
(14, 142, 'App\\Models\\Anime'),
(35, 142, 'App\\Models\\Anime'),
(16, 142, 'App\\Models\\Anime'),
(12, 142, 'App\\Models\\Anime'),
(14, 160, 'App\\Models\\Video'),
(35, 160, 'App\\Models\\Video'),
(16, 160, 'App\\Models\\Video'),
(12, 160, 'App\\Models\\Video'),
(14, 161, 'App\\Models\\Video'),
(35, 161, 'App\\Models\\Video'),
(16, 161, 'App\\Models\\Video'),
(12, 161, 'App\\Models\\Video'),
(14, 162, 'App\\Models\\Video'),
(35, 162, 'App\\Models\\Video'),
(16, 162, 'App\\Models\\Video'),
(12, 162, 'App\\Models\\Video'),
(14, 164, 'App\\Models\\Video'),
(35, 164, 'App\\Models\\Video'),
(12, 164, 'App\\Models\\Video'),
(16, 164, 'App\\Models\\Video'),
(14, 143, 'App\\Models\\Anime'),
(16, 143, 'App\\Models\\Anime'),
(37, 143, 'App\\Models\\Anime'),
(4, 143, 'App\\Models\\Anime'),
(14, 166, 'App\\Models\\Video'),
(16, 166, 'App\\Models\\Video'),
(37, 166, 'App\\Models\\Video'),
(4, 166, 'App\\Models\\Video'),
(14, 167, 'App\\Models\\Video'),
(16, 167, 'App\\Models\\Video'),
(4, 167, 'App\\Models\\Video'),
(14, 168, 'App\\Models\\Video'),
(16, 168, 'App\\Models\\Video'),
(4, 168, 'App\\Models\\Video'),
(37, 168, 'App\\Models\\Video'),
(53, 144, 'App\\Models\\Anime'),
(53, 169, 'App\\Models\\Video'),
(53, 170, 'App\\Models\\Video'),
(53, 171, 'App\\Models\\Video'),
(3, 172, 'App\\Models\\Video'),
(24, 145, 'App\\Models\\Anime'),
(16, 145, 'App\\Models\\Anime'),
(37, 145, 'App\\Models\\Anime'),
(14, 145, 'App\\Models\\Anime'),
(24, 173, 'App\\Models\\Video'),
(14, 173, 'App\\Models\\Video'),
(16, 173, 'App\\Models\\Video'),
(37, 173, 'App\\Models\\Video'),
(14, 174, 'App\\Models\\Video'),
(16, 174, 'App\\Models\\Video'),
(37, 174, 'App\\Models\\Video'),
(24, 174, 'App\\Models\\Video'),
(14, 175, 'App\\Models\\Video'),
(16, 175, 'App\\Models\\Video'),
(37, 175, 'App\\Models\\Video'),
(24, 175, 'App\\Models\\Video'),
(32, 146, 'App\\Models\\Anime'),
(14, 146, 'App\\Models\\Anime'),
(14, 176, 'App\\Models\\Video'),
(32, 176, 'App\\Models\\Video'),
(32, 177, 'App\\Models\\Video'),
(14, 177, 'App\\Models\\Video'),
(32, 178, 'App\\Models\\Video'),
(14, 178, 'App\\Models\\Video'),
(32, 179, 'App\\Models\\Video'),
(14, 179, 'App\\Models\\Video'),
(32, 180, 'App\\Models\\Video'),
(14, 180, 'App\\Models\\Video'),
(32, 181, 'App\\Models\\Video'),
(14, 181, 'App\\Models\\Video'),
(32, 182, 'App\\Models\\Video'),
(14, 182, 'App\\Models\\Video'),
(32, 183, 'App\\Models\\Video'),
(14, 183, 'App\\Models\\Video'),
(32, 184, 'App\\Models\\Video'),
(14, 184, 'App\\Models\\Video'),
(32, 185, 'App\\Models\\Video'),
(14, 185, 'App\\Models\\Video'),
(32, 186, 'App\\Models\\Video'),
(14, 186, 'App\\Models\\Video'),
(32, 187, 'App\\Models\\Video'),
(14, 187, 'App\\Models\\Video'),
(32, 188, 'App\\Models\\Video'),
(14, 188, 'App\\Models\\Video'),
(32, 189, 'App\\Models\\Video'),
(14, 189, 'App\\Models\\Video'),
(14, 147, 'App\\Models\\Anime'),
(9, 147, 'App\\Models\\Anime'),
(16, 147, 'App\\Models\\Anime'),
(37, 147, 'App\\Models\\Anime'),
(14, 190, 'App\\Models\\Video'),
(9, 190, 'App\\Models\\Video'),
(16, 190, 'App\\Models\\Video'),
(37, 190, 'App\\Models\\Video'),
(9, 191, 'App\\Models\\Video'),
(14, 191, 'App\\Models\\Video'),
(16, 191, 'App\\Models\\Video'),
(37, 191, 'App\\Models\\Video'),
(14, 192, 'App\\Models\\Video'),
(9, 192, 'App\\Models\\Video'),
(16, 192, 'App\\Models\\Video'),
(37, 192, 'App\\Models\\Video'),
(14, 194, 'App\\Models\\Video'),
(9, 194, 'App\\Models\\Video'),
(16, 194, 'App\\Models\\Video'),
(37, 194, 'App\\Models\\Video'),
(32, 195, 'App\\Models\\Video'),
(13, 148, 'App\\Models\\Anime'),
(15, 148, 'App\\Models\\Anime'),
(13, 197, 'App\\Models\\Video'),
(15, 197, 'App\\Models\\Video'),
(13, 198, 'App\\Models\\Video'),
(15, 198, 'App\\Models\\Video'),
(13, 199, 'App\\Models\\Video'),
(15, 199, 'App\\Models\\Video'),
(13, 200, 'App\\Models\\Video'),
(15, 200, 'App\\Models\\Video'),
(13, 201, 'App\\Models\\Video'),
(32, 201, 'App\\Models\\Video'),
(14, 201, 'App\\Models\\Video'),
(35, 201, 'App\\Models\\Video'),
(40, 201, 'App\\Models\\Video'),
(13, 202, 'App\\Models\\Video'),
(32, 202, 'App\\Models\\Video'),
(14, 202, 'App\\Models\\Video'),
(35, 202, 'App\\Models\\Video'),
(40, 202, 'App\\Models\\Video'),
(13, 203, 'App\\Models\\Video'),
(32, 203, 'App\\Models\\Video'),
(14, 203, 'App\\Models\\Video'),
(35, 203, 'App\\Models\\Video'),
(40, 203, 'App\\Models\\Video'),
(13, 204, 'App\\Models\\Video'),
(32, 204, 'App\\Models\\Video'),
(35, 204, 'App\\Models\\Video'),
(14, 204, 'App\\Models\\Video'),
(40, 204, 'App\\Models\\Video'),
(13, 205, 'App\\Models\\Video'),
(32, 205, 'App\\Models\\Video'),
(14, 205, 'App\\Models\\Video'),
(35, 205, 'App\\Models\\Video'),
(40, 205, 'App\\Models\\Video'),
(14, 149, 'App\\Models\\Anime'),
(35, 149, 'App\\Models\\Anime'),
(16, 149, 'App\\Models\\Anime'),
(14, 206, 'App\\Models\\Video'),
(16, 206, 'App\\Models\\Video'),
(35, 206, 'App\\Models\\Video'),
(14, 207, 'App\\Models\\Video'),
(35, 207, 'App\\Models\\Video'),
(16, 207, 'App\\Models\\Video'),
(35, 208, 'App\\Models\\Video'),
(16, 208, 'App\\Models\\Video'),
(14, 208, 'App\\Models\\Video'),
(35, 209, 'App\\Models\\Video'),
(14, 209, 'App\\Models\\Video'),
(16, 209, 'App\\Models\\Video'),
(14, 210, 'App\\Models\\Video'),
(35, 210, 'App\\Models\\Video'),
(16, 210, 'App\\Models\\Video'),
(14, 211, 'App\\Models\\Video'),
(35, 211, 'App\\Models\\Video'),
(16, 211, 'App\\Models\\Video'),
(14, 212, 'App\\Models\\Video'),
(35, 212, 'App\\Models\\Video'),
(16, 212, 'App\\Models\\Video'),
(14, 213, 'App\\Models\\Video'),
(35, 213, 'App\\Models\\Video'),
(16, 213, 'App\\Models\\Video'),
(14, 214, 'App\\Models\\Video'),
(35, 214, 'App\\Models\\Video'),
(16, 214, 'App\\Models\\Video'),
(14, 215, 'App\\Models\\Video'),
(35, 215, 'App\\Models\\Video'),
(16, 215, 'App\\Models\\Video'),
(13, 150, 'App\\Models\\Anime'),
(43, 150, 'App\\Models\\Anime'),
(42, 150, 'App\\Models\\Anime'),
(42, 216, 'App\\Models\\Video'),
(13, 216, 'App\\Models\\Video'),
(43, 216, 'App\\Models\\Video'),
(13, 217, 'App\\Models\\Video'),
(43, 217, 'App\\Models\\Video'),
(42, 217, 'App\\Models\\Video'),
(13, 218, 'App\\Models\\Video'),
(43, 218, 'App\\Models\\Video'),
(42, 218, 'App\\Models\\Video'),
(14, 151, 'App\\Models\\Anime'),
(3, 151, 'App\\Models\\Anime'),
(37, 151, 'App\\Models\\Anime'),
(14, 219, 'App\\Models\\Video'),
(37, 219, 'App\\Models\\Video'),
(3, 219, 'App\\Models\\Video'),
(14, 220, 'App\\Models\\Video'),
(37, 220, 'App\\Models\\Video'),
(3, 220, 'App\\Models\\Video'),
(12, 221, 'App\\Models\\Video'),
(12, 152, 'App\\Models\\Anime'),
(12, 222, 'App\\Models\\Video'),
(12, 223, 'App\\Models\\Video'),
(12, 224, 'App\\Models\\Video'),
(12, 225, 'App\\Models\\Video'),
(37, 153, 'App\\Models\\Anime'),
(12, 153, 'App\\Models\\Anime'),
(14, 153, 'App\\Models\\Anime'),
(16, 153, 'App\\Models\\Anime'),
(14, 226, 'App\\Models\\Video'),
(16, 226, 'App\\Models\\Video'),
(37, 226, 'App\\Models\\Video'),
(12, 226, 'App\\Models\\Video'),
(14, 227, 'App\\Models\\Video'),
(16, 227, 'App\\Models\\Video'),
(37, 227, 'App\\Models\\Video'),
(12, 227, 'App\\Models\\Video'),
(32, 154, 'App\\Models\\Anime'),
(13, 154, 'App\\Models\\Anime'),
(14, 154, 'App\\Models\\Anime'),
(35, 154, 'App\\Models\\Anime'),
(45, 154, 'App\\Models\\Anime'),
(16, 154, 'App\\Models\\Anime'),
(42, 154, 'App\\Models\\Anime'),
(13, 228, 'App\\Models\\Video'),
(32, 228, 'App\\Models\\Video'),
(42, 228, 'App\\Models\\Video'),
(12, 228, 'App\\Models\\Video'),
(14, 228, 'App\\Models\\Video'),
(35, 228, 'App\\Models\\Video'),
(16, 228, 'App\\Models\\Video'),
(13, 229, 'App\\Models\\Video'),
(32, 229, 'App\\Models\\Video'),
(14, 229, 'App\\Models\\Video'),
(35, 229, 'App\\Models\\Video'),
(16, 229, 'App\\Models\\Video'),
(42, 229, 'App\\Models\\Video'),
(45, 229, 'App\\Models\\Video'),
(13, 157, 'App\\Models\\Anime'),
(32, 157, 'App\\Models\\Anime'),
(14, 157, 'App\\Models\\Anime'),
(35, 157, 'App\\Models\\Anime'),
(37, 157, 'App\\Models\\Anime'),
(51, 157, 'App\\Models\\Anime'),
(42, 157, 'App\\Models\\Anime'),
(13, 232, 'App\\Models\\Video'),
(32, 232, 'App\\Models\\Video'),
(14, 232, 'App\\Models\\Video'),
(35, 232, 'App\\Models\\Video'),
(51, 232, 'App\\Models\\Video'),
(42, 232, 'App\\Models\\Video'),
(13, 233, 'App\\Models\\Video'),
(32, 233, 'App\\Models\\Video'),
(14, 233, 'App\\Models\\Video'),
(35, 233, 'App\\Models\\Video'),
(37, 233, 'App\\Models\\Video'),
(51, 233, 'App\\Models\\Video'),
(42, 233, 'App\\Models\\Video'),
(37, 232, 'App\\Models\\Video'),
(13, 234, 'App\\Models\\Video'),
(32, 234, 'App\\Models\\Video'),
(14, 234, 'App\\Models\\Video'),
(35, 234, 'App\\Models\\Video'),
(51, 234, 'App\\Models\\Video'),
(37, 234, 'App\\Models\\Video'),
(42, 234, 'App\\Models\\Video'),
(13, 235, 'App\\Models\\Video'),
(32, 235, 'App\\Models\\Video'),
(14, 235, 'App\\Models\\Video'),
(35, 235, 'App\\Models\\Video'),
(51, 235, 'App\\Models\\Video'),
(42, 235, 'App\\Models\\Video'),
(13, 158, 'App\\Models\\Anime'),
(32, 158, 'App\\Models\\Anime'),
(14, 158, 'App\\Models\\Anime'),
(24, 158, 'App\\Models\\Anime'),
(32, 236, 'App\\Models\\Video'),
(13, 236, 'App\\Models\\Video'),
(14, 236, 'App\\Models\\Video'),
(24, 236, 'App\\Models\\Video'),
(13, 237, 'App\\Models\\Video'),
(32, 237, 'App\\Models\\Video'),
(14, 237, 'App\\Models\\Video'),
(24, 237, 'App\\Models\\Video'),
(12, 160, 'App\\Models\\Anime'),
(37, 160, 'App\\Models\\Anime'),
(14, 160, 'App\\Models\\Anime'),
(14, 238, 'App\\Models\\Video'),
(37, 238, 'App\\Models\\Video'),
(12, 238, 'App\\Models\\Video'),
(14, 239, 'App\\Models\\Video'),
(12, 239, 'App\\Models\\Video'),
(37, 239, 'App\\Models\\Video'),
(35, 161, 'App\\Models\\Anime'),
(14, 161, 'App\\Models\\Anime'),
(13, 161, 'App\\Models\\Anime'),
(34, 161, 'App\\Models\\Anime'),
(12, 161, 'App\\Models\\Anime'),
(42, 161, 'App\\Models\\Anime'),
(14, 240, 'App\\Models\\Video'),
(12, 240, 'App\\Models\\Video'),
(42, 240, 'App\\Models\\Video'),
(34, 240, 'App\\Models\\Video'),
(35, 240, 'App\\Models\\Video'),
(13, 240, 'App\\Models\\Video'),
(13, 241, 'App\\Models\\Video'),
(14, 241, 'App\\Models\\Video'),
(35, 241, 'App\\Models\\Video'),
(34, 241, 'App\\Models\\Video'),
(37, 241, 'App\\Models\\Video'),
(42, 241, 'App\\Models\\Video'),
(13, 242, 'App\\Models\\Video'),
(14, 242, 'App\\Models\\Video'),
(35, 242, 'App\\Models\\Video'),
(34, 242, 'App\\Models\\Video'),
(42, 242, 'App\\Models\\Video'),
(12, 242, 'App\\Models\\Video'),
(13, 243, 'App\\Models\\Video'),
(35, 243, 'App\\Models\\Video'),
(14, 243, 'App\\Models\\Video'),
(12, 243, 'App\\Models\\Video'),
(34, 243, 'App\\Models\\Video'),
(26, 244, 'App\\Models\\Video'),
(27, 245, 'App\\Models\\Video'),
(32, 245, 'App\\Models\\Video'),
(13, 245, 'App\\Models\\Video'),
(25, 245, 'App\\Models\\Video'),
(27, 246, 'App\\Models\\Video'),
(27, 247, 'App\\Models\\Video'),
(50, 247, 'App\\Models\\Video'),
(50, 248, 'App\\Models\\Video'),
(27, 248, 'App\\Models\\Video'),
(27, 249, 'App\\Models\\Video'),
(27, 250, 'App\\Models\\Video'),
(50, 251, 'App\\Models\\Video'),
(27, 251, 'App\\Models\\Video'),
(13, 162, 'App\\Models\\Anime'),
(35, 162, 'App\\Models\\Anime'),
(45, 162, 'App\\Models\\Anime'),
(38, 162, 'App\\Models\\Anime'),
(3, 162, 'App\\Models\\Anime'),
(27, 252, 'App\\Models\\Video'),
(26, 252, 'App\\Models\\Video'),
(27, 253, 'App\\Models\\Video'),
(26, 253, 'App\\Models\\Video'),
(26, 254, 'App\\Models\\Video'),
(27, 254, 'App\\Models\\Video'),
(30, 254, 'App\\Models\\Video'),
(26, 255, 'App\\Models\\Video'),
(30, 255, 'App\\Models\\Video'),
(27, 256, 'App\\Models\\Video'),
(26, 256, 'App\\Models\\Video'),
(27, 257, 'App\\Models\\Video'),
(26, 257, 'App\\Models\\Video'),
(27, 258, 'App\\Models\\Video'),
(26, 258, 'App\\Models\\Video'),
(27, 259, 'App\\Models\\Video'),
(26, 259, 'App\\Models\\Video'),
(26, 260, 'App\\Models\\Video'),
(26, 261, 'App\\Models\\Video'),
(27, 262, 'App\\Models\\Video'),
(26, 262, 'App\\Models\\Video'),
(26, 263, 'App\\Models\\Video'),
(13, 163, 'App\\Models\\Anime'),
(32, 163, 'App\\Models\\Anime'),
(38, 163, 'App\\Models\\Anime'),
(14, 163, 'App\\Models\\Anime'),
(3, 163, 'App\\Models\\Anime'),
(2, 163, 'App\\Models\\Anime'),
(42, 163, 'App\\Models\\Anime'),
(16, 163, 'App\\Models\\Anime'),
(32, 164, 'App\\Models\\Anime'),
(13, 164, 'App\\Models\\Anime'),
(38, 164, 'App\\Models\\Anime'),
(14, 164, 'App\\Models\\Anime'),
(24, 164, 'App\\Models\\Anime'),
(3, 164, 'App\\Models\\Anime'),
(13, 165, 'App\\Models\\Anime'),
(38, 165, 'App\\Models\\Anime'),
(35, 165, 'App\\Models\\Anime'),
(5, 165, 'App\\Models\\Anime'),
(3, 165, 'App\\Models\\Anime'),
(3, 166, 'App\\Models\\Anime'),
(3, 265, 'App\\Models\\Video'),
(3, 266, 'App\\Models\\Video'),
(3, 167, 'App\\Models\\Anime'),
(3, 267, 'App\\Models\\Video'),
(4, 268, 'App\\Models\\Video'),
(4, 269, 'App\\Models\\Video'),
(3, 270, 'App\\Models\\Video'),
(3, 271, 'App\\Models\\Video'),
(3, 274, 'App\\Models\\Video'),
(3, 275, 'App\\Models\\Video'),
(3, 281, 'App\\Models\\Video'),
(3, 282, 'App\\Models\\Video'),
(3, 169, 'App\\Models\\Anime'),
(3, 283, 'App\\Models\\Video'),
(3, 284, 'App\\Models\\Video'),
(4, 285, 'App\\Models\\Video'),
(3, 286, 'App\\Models\\Video'),
(3, 287, 'App\\Models\\Video'),
(3, 288, 'App\\Models\\Video'),
(3, 289, 'App\\Models\\Video'),
(3, 290, 'App\\Models\\Video'),
(3, 291, 'App\\Models\\Video'),
(3, 292, 'App\\Models\\Video'),
(48, 170, 'App\\Models\\Anime'),
(48, 293, 'App\\Models\\Video'),
(4, 171, 'App\\Models\\Anime'),
(4, 294, 'App\\Models\\Video'),
(4, 172, 'App\\Models\\Anime'),
(4, 295, 'App\\Models\\Video'),
(4, 173, 'App\\Models\\Anime'),
(4, 296, 'App\\Models\\Video'),
(4, 297, 'App\\Models\\Video'),
(4, 174, 'App\\Models\\Anime'),
(4, 299, 'App\\Models\\Video'),
(27, 300, 'App\\Models\\Video'),
(3, 301, 'App\\Models\\Video'),
(3, 302, 'App\\Models\\Video'),
(3, 175, 'App\\Models\\Anime'),
(3, 304, 'App\\Models\\Video'),
(3, 305, 'App\\Models\\Video'),
(11, 174, 'App\\Models\\Anime'),
(27, 306, 'App\\Models\\Video'),
(27, 307, 'App\\Models\\Video'),
(4, 308, 'App\\Models\\Video'),
(5, 309, 'App\\Models\\Video'),
(3, 176, 'App\\Models\\Anime'),
(3, 310, 'App\\Models\\Video'),
(3, 311, 'App\\Models\\Video'),
(3, 312, 'App\\Models\\Video'),
(3, 313, 'App\\Models\\Video'),
(3, 314, 'App\\Models\\Video'),
(3, 315, 'App\\Models\\Video'),
(3, 316, 'App\\Models\\Video'),
(3, 317, 'App\\Models\\Video'),
(3, 318, 'App\\Models\\Video'),
(3, 319, 'App\\Models\\Video'),
(3, 320, 'App\\Models\\Video'),
(3, 321, 'App\\Models\\Video'),
(3, 322, 'App\\Models\\Video'),
(3, 323, 'App\\Models\\Video'),
(3, 324, 'App\\Models\\Video'),
(3, 325, 'App\\Models\\Video'),
(3, 326, 'App\\Models\\Video'),
(3, 327, 'App\\Models\\Video'),
(3, 328, 'App\\Models\\Video'),
(3, 329, 'App\\Models\\Video'),
(3, 330, 'App\\Models\\Video'),
(3, 331, 'App\\Models\\Video'),
(3, 332, 'App\\Models\\Video'),
(3, 333, 'App\\Models\\Video'),
(3, 334, 'App\\Models\\Video'),
(3, 335, 'App\\Models\\Video'),
(3, 336, 'App\\Models\\Video'),
(3, 337, 'App\\Models\\Video'),
(3, 338, 'App\\Models\\Video'),
(3, 339, 'App\\Models\\Video'),
(3, 340, 'App\\Models\\Video'),
(3, 341, 'App\\Models\\Video'),
(3, 342, 'App\\Models\\Video'),
(3, 343, 'App\\Models\\Video'),
(3, 344, 'App\\Models\\Video'),
(3, 345, 'App\\Models\\Video'),
(3, 346, 'App\\Models\\Video'),
(3, 347, 'App\\Models\\Video'),
(3, 348, 'App\\Models\\Video'),
(3, 349, 'App\\Models\\Video'),
(3, 350, 'App\\Models\\Video'),
(3, 351, 'App\\Models\\Video'),
(3, 352, 'App\\Models\\Video'),
(3, 353, 'App\\Models\\Video'),
(3, 354, 'App\\Models\\Video'),
(3, 355, 'App\\Models\\Video'),
(3, 356, 'App\\Models\\Video'),
(3, 357, 'App\\Models\\Video'),
(3, 358, 'App\\Models\\Video'),
(3, 359, 'App\\Models\\Video'),
(3, 360, 'App\\Models\\Video'),
(3, 361, 'App\\Models\\Video'),
(3, 362, 'App\\Models\\Video'),
(3, 177, 'App\\Models\\Anime'),
(3, 363, 'App\\Models\\Video'),
(3, 364, 'App\\Models\\Video'),
(3, 365, 'App\\Models\\Video'),
(3, 366, 'App\\Models\\Video'),
(3, 367, 'App\\Models\\Video'),
(3, 368, 'App\\Models\\Video'),
(3, 369, 'App\\Models\\Video'),
(3, 370, 'App\\Models\\Video'),
(3, 371, 'App\\Models\\Video'),
(3, 372, 'App\\Models\\Video'),
(3, 373, 'App\\Models\\Video'),
(3, 374, 'App\\Models\\Video'),
(3, 375, 'App\\Models\\Video'),
(3, 376, 'App\\Models\\Video'),
(3, 377, 'App\\Models\\Video'),
(3, 378, 'App\\Models\\Video'),
(3, 379, 'App\\Models\\Video'),
(3, 380, 'App\\Models\\Video'),
(3, 381, 'App\\Models\\Video'),
(3, 382, 'App\\Models\\Video'),
(3, 383, 'App\\Models\\Video'),
(3, 384, 'App\\Models\\Video'),
(3, 385, 'App\\Models\\Video'),
(3, 386, 'App\\Models\\Video'),
(3, 387, 'App\\Models\\Video'),
(3, 388, 'App\\Models\\Video'),
(3, 389, 'App\\Models\\Video'),
(3, 390, 'App\\Models\\Video'),
(3, 391, 'App\\Models\\Video'),
(3, 392, 'App\\Models\\Video'),
(3, 393, 'App\\Models\\Video'),
(3, 394, 'App\\Models\\Video'),
(3, 395, 'App\\Models\\Video'),
(3, 396, 'App\\Models\\Video'),
(3, 397, 'App\\Models\\Video'),
(3, 398, 'App\\Models\\Video'),
(3, 399, 'App\\Models\\Video'),
(3, 400, 'App\\Models\\Video'),
(3, 401, 'App\\Models\\Video'),
(3, 402, 'App\\Models\\Video'),
(3, 403, 'App\\Models\\Video'),
(3, 404, 'App\\Models\\Video'),
(3, 405, 'App\\Models\\Video'),
(3, 178, 'App\\Models\\Anime'),
(3, 406, 'App\\Models\\Video'),
(3, 407, 'App\\Models\\Video'),
(3, 179, 'App\\Models\\Anime'),
(3, 408, 'App\\Models\\Video'),
(3, 180, 'App\\Models\\Anime'),
(3, 409, 'App\\Models\\Video'),
(3, 410, 'App\\Models\\Video'),
(3, 411, 'App\\Models\\Video'),
(3, 181, 'App\\Models\\Anime'),
(3, 412, 'App\\Models\\Video'),
(3, 413, 'App\\Models\\Video'),
(3, 414, 'App\\Models\\Video'),
(35, 182, 'App\\Models\\Anime'),
(5, 182, 'App\\Models\\Anime'),
(13, 182, 'App\\Models\\Anime'),
(27, 415, 'App\\Models\\Video'),
(3, 416, 'App\\Models\\Video'),
(16, 183, 'App\\Models\\Anime'),
(42, 183, 'App\\Models\\Anime'),
(14, 183, 'App\\Models\\Anime'),
(16, 417, 'App\\Models\\Video'),
(3, 418, 'App\\Models\\Video'),
(3, 419, 'App\\Models\\Video'),
(3, 184, 'App\\Models\\Anime'),
(3, 420, 'App\\Models\\Video'),
(3, 421, 'App\\Models\\Video'),
(3, 422, 'App\\Models\\Video'),
(3, 423, 'App\\Models\\Video'),
(3, 424, 'App\\Models\\Video'),
(3, 425, 'App\\Models\\Video'),
(3, 185, 'App\\Models\\Anime'),
(3, 426, 'App\\Models\\Video'),
(3, 427, 'App\\Models\\Video'),
(3, 428, 'App\\Models\\Video'),
(3, 429, 'App\\Models\\Video'),
(3, 186, 'App\\Models\\Anime'),
(3, 430, 'App\\Models\\Video'),
(3, 431, 'App\\Models\\Video'),
(3, 187, 'App\\Models\\Anime'),
(3, 432, 'App\\Models\\Video'),
(3, 433, 'App\\Models\\Video'),
(3, 434, 'App\\Models\\Video'),
(3, 435, 'App\\Models\\Video'),
(3, 436, 'App\\Models\\Video'),
(3, 437, 'App\\Models\\Video'),
(3, 188, 'App\\Models\\Anime'),
(3, 438, 'App\\Models\\Video'),
(3, 439, 'App\\Models\\Video'),
(3, 440, 'App\\Models\\Video'),
(3, 441, 'App\\Models\\Video'),
(3, 442, 'App\\Models\\Video'),
(3, 443, 'App\\Models\\Video'),
(27, 445, 'App\\Models\\Video'),
(5, 189, 'App\\Models\\Anime'),
(5, 446, 'App\\Models\\Video'),
(5, 447, 'App\\Models\\Video'),
(5, 190, 'App\\Models\\Anime'),
(3, 448, 'App\\Models\\Video'),
(3, 449, 'App\\Models\\Video'),
(3, 450, 'App\\Models\\Video'),
(3, 451, 'App\\Models\\Video'),
(35, 452, 'App\\Models\\Video'),
(51, 452, 'App\\Models\\Video'),
(35, 453, 'App\\Models\\Video'),
(51, 453, 'App\\Models\\Video'),
(35, 454, 'App\\Models\\Video'),
(51, 454, 'App\\Models\\Video'),
(35, 455, 'App\\Models\\Video'),
(51, 455, 'App\\Models\\Video'),
(35, 456, 'App\\Models\\Video'),
(51, 456, 'App\\Models\\Video'),
(5, 191, 'App\\Models\\Anime'),
(5, 458, 'App\\Models\\Video'),
(5, 459, 'App\\Models\\Video'),
(5, 192, 'App\\Models\\Anime'),
(5, 460, 'App\\Models\\Video'),
(54, 461, 'App\\Models\\Video'),
(3, 461, 'App\\Models\\Video'),
(3, 193, 'App\\Models\\Anime'),
(13, 193, 'App\\Models\\Anime'),
(3, 462, 'App\\Models\\Video'),
(13, 462, 'App\\Models\\Video'),
(5, 463, 'App\\Models\\Video'),
(14, 463, 'App\\Models\\Video'),
(3, 194, 'App\\Models\\Anime'),
(54, 194, 'App\\Models\\Anime'),
(3, 464, 'App\\Models\\Video'),
(54, 464, 'App\\Models\\Video'),
(9, 195, 'App\\Models\\Anime'),
(45, 195, 'App\\Models\\Anime'),
(9, 465, 'App\\Models\\Video'),
(45, 465, 'App\\Models\\Video'),
(5, 196, 'App\\Models\\Anime'),
(15, 196, 'App\\Models\\Anime'),
(5, 466, 'App\\Models\\Video'),
(15, 466, 'App\\Models\\Video'),
(3, 197, 'App\\Models\\Anime'),
(13, 197, 'App\\Models\\Anime'),
(37, 197, 'App\\Models\\Anime'),
(3, 467, 'App\\Models\\Video'),
(13, 467, 'App\\Models\\Video'),
(37, 467, 'App\\Models\\Video'),
(3, 468, 'App\\Models\\Video'),
(13, 468, 'App\\Models\\Video'),
(37, 468, 'App\\Models\\Video'),
(3, 469, 'App\\Models\\Video'),
(13, 469, 'App\\Models\\Video'),
(37, 469, 'App\\Models\\Video'),
(5, 198, 'App\\Models\\Anime'),
(14, 198, 'App\\Models\\Anime'),
(13, 198, 'App\\Models\\Anime'),
(5, 470, 'App\\Models\\Video'),
(13, 470, 'App\\Models\\Video'),
(14, 470, 'App\\Models\\Video'),
(5, 471, 'App\\Models\\Video'),
(13, 471, 'App\\Models\\Video'),
(14, 471, 'App\\Models\\Video'),
(3, 472, 'App\\Models\\Video'),
(13, 472, 'App\\Models\\Video'),
(37, 472, 'App\\Models\\Video'),
(3, 473, 'App\\Models\\Video'),
(13, 473, 'App\\Models\\Video'),
(37, 473, 'App\\Models\\Video'),
(3, 474, 'App\\Models\\Video'),
(13, 474, 'App\\Models\\Video'),
(37, 474, 'App\\Models\\Video'),
(3, 475, 'App\\Models\\Video'),
(13, 475, 'App\\Models\\Video'),
(37, 475, 'App\\Models\\Video'),
(5, 199, 'App\\Models\\Anime'),
(35, 199, 'App\\Models\\Anime'),
(37, 199, 'App\\Models\\Anime'),
(5, 476, 'App\\Models\\Video'),
(37, 476, 'App\\Models\\Video'),
(35, 476, 'App\\Models\\Video'),
(3, 477, 'App\\Models\\Video'),
(32, 477, 'App\\Models\\Video'),
(3, 478, 'App\\Models\\Video'),
(13, 478, 'App\\Models\\Video'),
(32, 478, 'App\\Models\\Video'),
(3, 479, 'App\\Models\\Video'),
(13, 479, 'App\\Models\\Video'),
(32, 479, 'App\\Models\\Video'),
(13, 480, 'App\\Models\\Video'),
(13, 481, 'App\\Models\\Video'),
(35, 480, 'App\\Models\\Video'),
(35, 481, 'App\\Models\\Video'),
(13, 482, 'App\\Models\\Video'),
(35, 482, 'App\\Models\\Video'),
(13, 483, 'App\\Models\\Video'),
(35, 483, 'App\\Models\\Video'),
(13, 484, 'App\\Models\\Video'),
(35, 484, 'App\\Models\\Video'),
(3, 485, 'App\\Models\\Video'),
(3, 486, 'App\\Models\\Video'),
(3, 487, 'App\\Models\\Video'),
(3, 488, 'App\\Models\\Video'),
(3, 489, 'App\\Models\\Video'),
(3, 490, 'App\\Models\\Video'),
(3, 491, 'App\\Models\\Video'),
(3, 492, 'App\\Models\\Video'),
(3, 493, 'App\\Models\\Video'),
(54, 493, 'App\\Models\\Video'),
(54, 492, 'App\\Models\\Video'),
(3, 494, 'App\\Models\\Video'),
(54, 494, 'App\\Models\\Video'),
(3, 495, 'App\\Models\\Video'),
(54, 495, 'App\\Models\\Video'),
(3, 496, 'App\\Models\\Video'),
(14, 496, 'App\\Models\\Video'),
(3, 497, 'App\\Models\\Video'),
(14, 497, 'App\\Models\\Video'),
(3, 498, 'App\\Models\\Video'),
(14, 498, 'App\\Models\\Video'),
(3, 499, 'App\\Models\\Video'),
(14, 499, 'App\\Models\\Video'),
(3, 500, 'App\\Models\\Video'),
(14, 500, 'App\\Models\\Video'),
(3, 501, 'App\\Models\\Video'),
(14, 501, 'App\\Models\\Video'),
(14, 502, 'App\\Models\\Video'),
(3, 502, 'App\\Models\\Video'),
(3, 503, 'App\\Models\\Video'),
(14, 503, 'App\\Models\\Video'),
(3, 504, 'App\\Models\\Video'),
(14, 504, 'App\\Models\\Video'),
(3, 505, 'App\\Models\\Video'),
(14, 505, 'App\\Models\\Video'),
(3, 506, 'App\\Models\\Video'),
(14, 506, 'App\\Models\\Video'),
(3, 507, 'App\\Models\\Video'),
(3, 508, 'App\\Models\\Video'),
(3, 509, 'App\\Models\\Video'),
(3, 510, 'App\\Models\\Video'),
(3, 511, 'App\\Models\\Video'),
(3, 512, 'App\\Models\\Video'),
(3, 513, 'App\\Models\\Video'),
(3, 514, 'App\\Models\\Video'),
(3, 515, 'App\\Models\\Video'),
(32, 515, 'App\\Models\\Video'),
(3, 516, 'App\\Models\\Video'),
(32, 516, 'App\\Models\\Video'),
(3, 517, 'App\\Models\\Video'),
(32, 517, 'App\\Models\\Video'),
(3, 518, 'App\\Models\\Video'),
(32, 518, 'App\\Models\\Video'),
(3, 519, 'App\\Models\\Video'),
(2, 519, 'App\\Models\\Video'),
(3, 520, 'App\\Models\\Video'),
(2, 520, 'App\\Models\\Video'),
(3, 521, 'App\\Models\\Video'),
(2, 521, 'App\\Models\\Video'),
(3, 522, 'App\\Models\\Video'),
(2, 522, 'App\\Models\\Video'),
(3, 523, 'App\\Models\\Video'),
(2, 523, 'App\\Models\\Video'),
(3, 524, 'App\\Models\\Video'),
(32, 524, 'App\\Models\\Video'),
(3, 525, 'App\\Models\\Video'),
(32, 525, 'App\\Models\\Video'),
(3, 526, 'App\\Models\\Video'),
(32, 526, 'App\\Models\\Video'),
(3, 527, 'App\\Models\\Video'),
(32, 527, 'App\\Models\\Video'),
(3, 528, 'App\\Models\\Video'),
(32, 528, 'App\\Models\\Video'),
(3, 529, 'App\\Models\\Video'),
(32, 529, 'App\\Models\\Video'),
(3, 530, 'App\\Models\\Video'),
(32, 530, 'App\\Models\\Video'),
(3, 531, 'App\\Models\\Video'),
(32, 531, 'App\\Models\\Video'),
(32, 532, 'App\\Models\\Video'),
(3, 532, 'App\\Models\\Video'),
(2, 533, 'App\\Models\\Video'),
(2, 534, 'App\\Models\\Video'),
(2, 535, 'App\\Models\\Video'),
(2, 536, 'App\\Models\\Video'),
(2, 537, 'App\\Models\\Video'),
(2, 538, 'App\\Models\\Video'),
(2, 539, 'App\\Models\\Video'),
(2, 540, 'App\\Models\\Video'),
(2, 541, 'App\\Models\\Video'),
(2, 542, 'App\\Models\\Video'),
(3, 543, 'App\\Models\\Video'),
(3, 544, 'App\\Models\\Video'),
(3, 545, 'App\\Models\\Video');
INSERT INTO `genrables` (`genre_id`, `genrable_id`, `genrable_type`) VALUES
(3, 546, 'App\\Models\\Video'),
(3, 547, 'App\\Models\\Video'),
(3, 548, 'App\\Models\\Video'),
(3, 549, 'App\\Models\\Video'),
(3, 550, 'App\\Models\\Video'),
(3, 551, 'App\\Models\\Video'),
(3, 552, 'App\\Models\\Video'),
(14, 553, 'App\\Models\\Video'),
(37, 553, 'App\\Models\\Video'),
(14, 554, 'App\\Models\\Video'),
(37, 554, 'App\\Models\\Video'),
(14, 555, 'App\\Models\\Video'),
(37, 555, 'App\\Models\\Video'),
(3, 556, 'App\\Models\\Video'),
(54, 556, 'App\\Models\\Video'),
(3, 557, 'App\\Models\\Video'),
(54, 557, 'App\\Models\\Video'),
(3, 558, 'App\\Models\\Video'),
(54, 558, 'App\\Models\\Video'),
(3, 559, 'App\\Models\\Video'),
(3, 560, 'App\\Models\\Video'),
(3, 561, 'App\\Models\\Video'),
(3, 562, 'App\\Models\\Video'),
(3, 563, 'App\\Models\\Video'),
(54, 563, 'App\\Models\\Video'),
(3, 564, 'App\\Models\\Video'),
(54, 564, 'App\\Models\\Video'),
(3, 565, 'App\\Models\\Video'),
(54, 565, 'App\\Models\\Video'),
(3, 566, 'App\\Models\\Video'),
(54, 566, 'App\\Models\\Video'),
(3, 567, 'App\\Models\\Video'),
(54, 567, 'App\\Models\\Video'),
(3, 568, 'App\\Models\\Video'),
(54, 568, 'App\\Models\\Video'),
(3, 569, 'App\\Models\\Video'),
(54, 569, 'App\\Models\\Video'),
(54, 570, 'App\\Models\\Video'),
(3, 570, 'App\\Models\\Video'),
(3, 571, 'App\\Models\\Video'),
(54, 571, 'App\\Models\\Video'),
(3, 200, 'App\\Models\\Anime'),
(13, 200, 'App\\Models\\Anime'),
(14, 200, 'App\\Models\\Anime'),
(3, 572, 'App\\Models\\Video'),
(13, 572, 'App\\Models\\Video'),
(14, 572, 'App\\Models\\Video'),
(3, 573, 'App\\Models\\Video'),
(13, 573, 'App\\Models\\Video'),
(14, 573, 'App\\Models\\Video'),
(3, 574, 'App\\Models\\Video'),
(13, 574, 'App\\Models\\Video'),
(14, 574, 'App\\Models\\Video'),
(3, 575, 'App\\Models\\Video'),
(13, 575, 'App\\Models\\Video'),
(14, 575, 'App\\Models\\Video'),
(3, 576, 'App\\Models\\Video');

-- --------------------------------------------------------

--
-- Structure de la table `genres`
--

CREATE TABLE `genres` (
  `id` bigint(20) UNSIGNED NOT NULL,
  `name` varchar(64) NOT NULL,
  `type` varchar(64) DEFAULT NULL,
  `created_at` timestamp NULL DEFAULT NULL,
  `updated_at` timestamp NULL DEFAULT NULL
) ENGINE=InnoDB DEFAULT CHARSET=utf8mb4 COLLATE=utf8mb4_unicode_ci;

--
-- Déchargement des données de la table `genres`
--

INSERT INTO `genres` (`id`, `name`, `type`, `created_at`, `updated_at`) VALUES
(1, 'Kodomo', NULL, '2020-07-11 09:09:22', '2020-07-11 09:09:22'),
(2, 'Nekketsu', NULL, '2020-07-11 09:10:02', '2020-07-11 09:10:02'),
(3, 'Shōnen', NULL, '2020-07-11 09:10:28', '2020-07-11 09:10:28'),
(4, 'Shōjo', NULL, '2020-07-11 09:10:42', '2020-07-11 09:10:42'),
(5, 'Seinen', NULL, '2020-07-11 09:10:44', '2020-07-11 09:10:44'),
(6, 'Golden Kamui', NULL, '2020-07-11 09:10:58', '2020-07-11 09:10:58'),
(7, 'Yaoi', NULL, '2020-07-11 09:11:05', '2020-07-11 09:11:05'),
(8, 'Hentai', NULL, '2020-07-11 09:11:11', '2020-07-11 09:11:11'),
(9, 'Ecchi', NULL, '2020-07-11 09:11:22', '2020-07-11 09:11:22'),
(10, 'Pantsu', NULL, '2020-07-11 09:11:57', '2020-07-11 09:11:57'),
(11, 'Magical Girl (Mahō shōjo)', NULL, '2020-07-11 09:12:33', '2020-07-11 09:17:48'),
(12, 'Slice of life (Tranche de vie)', NULL, '2020-07-11 09:12:54', '2020-07-11 11:42:12'),
(13, 'Action', NULL, '2020-07-11 09:12:57', '2020-07-11 09:12:57'),
(14, 'Comédie', NULL, '2020-07-11 09:12:59', '2020-07-11 09:12:59'),
(15, 'Horreur', NULL, '2020-07-11 09:13:02', '2020-07-11 09:13:02'),
(16, 'Romance', NULL, '2020-07-11 09:13:14', '2020-07-11 09:13:14'),
(17, 'Josei', NULL, '2020-07-11 09:13:36', '2020-07-11 09:13:36'),
(18, 'Manwha', NULL, '2020-07-11 09:13:40', '2020-07-11 09:13:40'),
(19, 'Manhua', NULL, '2020-07-11 09:14:08', '2020-07-11 09:14:08'),
(20, 'Yuri', NULL, '2020-07-11 09:14:59', '2020-07-11 09:14:59'),
(21, 'Seijin', NULL, '2020-07-11 09:16:05', '2020-07-11 09:16:05'),
(22, 'Harem', NULL, '2020-07-11 09:16:33', '2020-07-11 09:16:33'),
(23, 'Isekai', NULL, '2020-07-11 09:16:51', '2020-07-11 09:16:51'),
(24, 'Fantasy', NULL, '2020-07-11 09:17:12', '2020-07-11 09:17:12'),
(25, 'Mecha', NULL, '2020-07-11 09:18:08', '2020-07-11 09:18:08'),
(26, 'J-Rock', NULL, '2020-07-11 09:20:46', '2020-07-11 09:20:46'),
(27, 'J-Pop', NULL, '2020-07-11 09:20:48', '2020-07-11 09:20:48'),
(28, 'J-Rap', NULL, '2020-07-11 09:20:52', '2020-07-13 14:34:40'),
(29, 'Hip / Hop', NULL, '2020-07-11 09:20:55', '2020-07-11 09:20:55'),
(30, 'Visual Kei', NULL, '2020-07-11 09:21:03', '2020-07-11 09:21:03'),
(31, 'Metal', NULL, '2020-07-11 09:21:06', '2020-07-11 09:21:06'),
(32, 'Aventure', NULL, '2020-07-11 09:23:50', '2020-07-11 09:23:50'),
(33, 'Sport', NULL, '2020-07-11 10:51:39', '2020-07-11 10:51:39'),
(34, 'Psychologie', NULL, '2020-07-11 10:53:47', '2020-07-11 10:53:47'),
(35, 'Drame', NULL, '2020-07-11 11:01:49', '2020-07-11 11:01:49'),
(36, 'Moe', NULL, '2020-07-11 11:40:46', '2020-07-11 11:40:46'),
(37, 'School Life (école)', NULL, '2020-07-11 11:40:52', '2020-07-11 11:41:14'),
(38, 'Combat', NULL, '2020-07-12 21:26:33', '2020-07-13 02:21:39'),
(39, 'Énigme', NULL, '2020-07-12 22:11:51', '2020-07-13 02:21:32'),
(40, 'Historique', NULL, '2020-07-13 02:23:15', '2020-07-13 02:23:15'),
(41, 'R&B', NULL, '2020-07-13 12:16:05', '2020-07-13 12:16:05'),
(42, 'Surnaturel', NULL, '2020-07-13 12:55:10', '2020-07-13 12:55:10'),
(43, 'Mystère', NULL, '2020-07-13 15:36:41', '2020-07-13 15:36:41'),
(44, 'Tantei (détective)', NULL, '2020-07-13 15:49:58', '2020-07-13 15:49:58'),
(45, 'Fantastique', NULL, '2020-07-13 15:55:44', '2020-07-13 15:55:44'),
(46, 'Thriller', NULL, '2020-07-13 17:59:49', '2020-07-13 17:59:49'),
(47, 'Biographique', NULL, '2020-07-13 18:01:10', '2020-07-13 18:01:10'),
(48, 'Shônen-Ai', NULL, '2020-07-13 18:01:57', '2020-07-13 18:01:57'),
(49, 'Shôjo-Ai', NULL, '2020-07-13 18:02:14', '2020-07-13 18:02:14'),
(50, 'J-Funk', NULL, '2020-07-13 22:15:24', '2020-07-13 22:15:24'),
(51, 'Science-Fiction', NULL, '2020-07-21 00:03:48', '2020-07-21 00:03:48'),
(53, 'Vampire', NULL, '2020-08-02 17:28:43', '2020-08-02 20:56:43'),
(54, 'Tournois', NULL, '2020-08-06 18:52:34', '2020-10-06 07:56:01');

-- --------------------------------------------------------

--
-- Structure de la table `likables`
--

CREATE TABLE `likables` (
  `user_id` bigint(20) UNSIGNED NOT NULL,
  `likable_id` bigint(20) UNSIGNED NOT NULL,
  `likable_type` varchar(32) NOT NULL
) ENGINE=InnoDB DEFAULT CHARSET=utf8mb4 COLLATE=utf8mb4_unicode_ci;

-- --------------------------------------------------------

--
-- Structure de la table `videos`
--

CREATE TABLE `videos` (
  `id` bigint(20) UNSIGNED NOT NULL,
  `user_id` bigint(20) UNSIGNED NOT NULL,
  `ytid` varchar(255) NOT NULL,
  `title` varchar(160) NOT NULL,
  `is_featured` tinyint(1) NOT NULL DEFAULT 0,
  `type` enum('OPENING','ENDING','MUSIC','OST','AMV','UGC') NOT NULL,
  `number` tinyint(4) DEFAULT NULL,
  `status` enum('REPORTED','PUBLISHED','SUGGESTED','DRAFT') NOT NULL,
  `view_count` bigint(20) NOT NULL DEFAULT 0,
  `deleted_at` timestamp NULL DEFAULT NULL,
  `created_at` timestamp NULL DEFAULT NULL,
  `updated_at` timestamp NULL DEFAULT NULL
) ENGINE=InnoDB DEFAULT CHARSET=utf8mb4 COLLATE=utf8mb4_unicode_ci;

--
-- Déchargement des données de la table `videos`
--

INSERT INTO `videos` (`id`, `user_id`, `ytid`, `title`, `is_featured`, `type`, `number`, `status`, `view_count`, `deleted_at`, `created_at`, `updated_at`) VALUES
(1, 4, 'pmanD_s7G3U', 'Gurenge', 0, 'OPENING', 1, 'PUBLISHED', 0, NULL, '2020-07-11 09:45:58', '2020-07-11 09:47:05'),
(2, 4, '_IkopJwRDKU', 'Gurenge', 0, 'MUSIC', NULL, 'PUBLISHED', 0, NULL, '2020-07-11 19:21:44', '2020-07-11 19:21:44'),
(3, 4, '1WIjnkMsc7E', 'Kotoba no Iranai Yakusoku', 0, 'ENDING', 33, 'PUBLISHED', 0, NULL, '2020-07-11 19:25:33', '2020-07-11 19:25:33'),
(4, 4, 'zQIopTSo2d4', 'Kotoba no Iranai Yakusoku', 0, 'MUSIC', NULL, 'PUBLISHED', 0, NULL, '2020-07-11 19:26:59', '2020-07-11 19:26:59'),
(5, 4, 'pFoc5XKkIIw', 'Call your name', 0, 'OST', NULL, 'PUBLISHED', 0, NULL, '2020-07-11 19:35:20', '2020-07-11 19:35:20'),
(6, 4, '9O3CMsRNyCQ', 'Call your name', 0, 'MUSIC', NULL, 'PUBLISHED', 0, NULL, '2020-07-11 19:35:55', '2020-07-11 19:35:55'),
(7, 7, 'T3ivdddYT9k', 'Sakura Kiss', 0, 'OPENING', NULL, 'PUBLISHED', 0, NULL, '2020-07-12 23:01:05', '2020-07-12 23:01:05'),
(8, 7, 'b9vIpu0kAbE', 'Shojo S', 0, 'OPENING', 10, 'PUBLISHED', 0, NULL, '2020-07-12 23:04:29', '2020-07-12 23:04:29'),
(9, 7, 'dfh4JuzYNpM', '~Asterisk~', 0, 'OPENING', 1, 'PUBLISHED', 0, NULL, '2020-07-12 23:09:10', '2020-07-12 23:09:10'),
(10, 7, 'oeqvhwjYBws', 'D-tecnoLife', 0, 'OPENING', 2, 'PUBLISHED', 0, NULL, '2020-07-12 23:10:58', '2020-07-12 23:10:58'),
(11, 7, '2edBgIH7y68', 'Ichirin no Hana', 0, 'OPENING', 3, 'PUBLISHED', 0, NULL, '2020-07-12 23:12:26', '2020-07-12 23:12:26'),
(12, 7, '375Axn5QB_s', 'Tonight, Tonight, Tonight', 0, 'OPENING', 4, 'PUBLISHED', 0, NULL, '2020-07-12 23:15:12', '2020-07-12 23:15:12'),
(13, 7, 'r15yXAZ32Fg', 'Rolling Star', 0, 'OPENING', 5, 'PUBLISHED', 0, NULL, '2020-07-12 23:17:01', '2020-07-12 23:17:01'),
(14, 7, '3U8NnnYzV7A', 'Alones', 0, 'OPENING', 6, 'PUBLISHED', 0, NULL, '2020-07-12 23:18:32', '2020-07-12 23:18:32'),
(15, 7, 'OvahxFH7IGg', 'After Dark', 0, 'OPENING', 7, 'PUBLISHED', 0, NULL, '2020-07-12 23:20:42', '2020-07-12 23:20:42'),
(16, 7, 'wKMybibgt6Q', 'Chu-Bura', 0, 'OPENING', 8, 'PUBLISHED', 0, NULL, '2020-07-12 23:22:47', '2020-07-12 23:22:47'),
(17, 7, '7O87OdsVOIE', 'Velonica', 0, 'OPENING', 9, 'PUBLISHED', 0, NULL, '2020-07-12 23:24:21', '2020-07-12 23:24:21'),
(18, 7, 'VUgxCUd3Bsk', 'Anima Rossa', 0, 'OPENING', 11, 'PUBLISHED', 0, NULL, '2020-07-12 23:26:37', '2020-07-12 23:27:04'),
(19, 7, 'rUuHxyYqUSU', 'chAngE', 0, 'OPENING', 12, 'PUBLISHED', 0, NULL, '2020-07-12 23:28:45', '2020-07-12 23:28:45'),
(20, 2, 'xEVcTStgA4A', 'MUKANJYO', 0, 'OPENING', 1, 'PUBLISHED', 0, NULL, '2020-07-13 02:29:51', '2020-07-13 02:29:51'),
(21, 2, '2e1t5VM9jTk', 'Dark Crow', 0, 'OPENING', 2, 'PUBLISHED', 0, NULL, '2020-07-13 02:31:58', '2020-07-14 20:04:12'),
(22, 2, '1cYE0Bm5VKI', 'Torches', 0, 'ENDING', 1, 'PUBLISHED', 0, NULL, '2020-07-13 02:34:07', '2020-07-13 02:34:07'),
(23, 2, 'MJCv3mfIvhk', 'Drown', 0, 'ENDING', 2, 'PUBLISHED', 0, NULL, '2020-07-13 02:36:28', '2020-07-13 02:36:28'),
(24, 2, 'ce_9Ze-gf2o', 'Drown', 0, 'MUSIC', NULL, 'PUBLISHED', 0, NULL, '2020-07-13 02:37:22', '2020-07-13 02:37:22'),
(25, 7, 'XXjgwpayNoM', 'Ranbu no Melody', 0, 'OPENING', 13, 'PUBLISHED', 0, NULL, '2020-07-13 11:10:19', '2020-07-13 11:10:19'),
(26, 7, 'ifrTLAd6UQY', 'BLUE', 0, 'OPENING', 14, 'PUBLISHED', 0, NULL, '2020-07-13 11:12:11', '2020-07-13 11:12:11'),
(27, 7, 'E-ejE--Q3UE', 'Harukaze', 0, 'OPENING', 15, 'PUBLISHED', 0, NULL, '2020-07-13 11:15:05', '2020-07-13 11:15:05'),
(28, 7, 'HlrgJrCltIM', 'Asterisk', 0, 'MUSIC', NULL, 'PUBLISHED', 0, NULL, '2020-07-13 11:23:24', '2020-07-13 11:23:24'),
(29, 7, 'L-u3fkgZkO0', 'D-TecnoLife', 0, 'MUSIC', NULL, 'PUBLISHED', 0, NULL, '2020-07-13 11:24:34', '2020-07-13 11:24:34'),
(30, 7, 'kQrLZp-BKVw', 'Ichirin no Hana', 0, 'MUSIC', NULL, 'PUBLISHED', 0, NULL, '2020-07-13 11:26:34', '2020-07-13 11:26:34'),
(31, 7, 'CDiVKVfOuEE', 'Rolling Star', 0, 'MUSIC', NULL, 'PUBLISHED', 0, NULL, '2020-07-13 11:31:28', '2020-07-13 11:31:28'),
(32, 7, 'LCF4xwg4Yoo', 'Alones', 0, 'MUSIC', NULL, 'PUBLISHED', 0, NULL, '2020-07-13 11:34:22', '2020-07-13 11:34:22'),
(33, 7, 'J_IsnEZcl4E', 'After Dark', 0, 'MUSIC', NULL, 'PUBLISHED', 0, NULL, '2020-07-13 11:35:57', '2020-07-13 11:35:57'),
(34, 7, 'hfWRXtYkd7U', 'CHU-BURA', 0, 'MUSIC', NULL, 'PUBLISHED', 0, NULL, '2020-07-13 11:39:07', '2020-07-13 11:39:07'),
(35, 7, 'NvMRG_F_CGI', 'Velonica', 0, 'MUSIC', NULL, 'PUBLISHED', 0, NULL, '2020-07-13 11:42:20', '2020-07-13 11:42:20'),
(36, 7, 'qCXGE1cLWrw', 'Shojo S', 0, 'MUSIC', NULL, 'PUBLISHED', 0, NULL, '2020-07-13 11:43:51', '2020-07-13 11:43:51'),
(37, 7, '-YJxGg3ZZYw', 'Animarossa', 0, 'MUSIC', NULL, 'PUBLISHED', 0, NULL, '2020-07-13 11:45:00', '2020-07-13 11:45:00'),
(38, 7, 'ZVlRTaKIhB4', 'chAngE', 0, 'MUSIC', NULL, 'PUBLISHED', 0, NULL, '2020-07-13 11:48:53', '2020-07-13 11:48:53'),
(39, 7, '7hKR_ChJZFw', 'Ranbu No Melody', 0, 'MUSIC', NULL, 'PUBLISHED', 0, NULL, '2020-07-13 11:51:23', '2020-07-13 11:51:23'),
(40, 7, '2NmKwwe4h14', 'BLUE', 0, 'MUSIC', NULL, 'PUBLISHED', 0, NULL, '2020-07-13 11:53:14', '2020-07-13 11:53:14'),
(41, 7, 'id7O6MGqT2I', 'Harukaze', 0, 'MUSIC', NULL, 'PUBLISHED', 0, NULL, '2020-07-13 11:54:23', '2020-07-13 11:54:23'),
(42, 7, 'PPiHlPa080M', 'Life is Like a Boat', 0, 'ENDING', 1, 'PUBLISHED', 0, NULL, '2020-07-13 12:03:36', '2020-07-13 12:03:36'),
(43, 7, '7NoPDyOEYkQ', 'Life is Like a Boat', 0, 'MUSIC', NULL, 'PUBLISHED', 0, NULL, '2020-07-13 12:04:41', '2020-07-13 12:04:41'),
(44, 7, '9dS8Rb04E5Y', 'Thank You!!', 0, 'ENDING', 2, 'PUBLISHED', 0, NULL, '2020-07-13 12:09:14', '2020-07-13 12:09:14'),
(45, 7, 'My-Y4rWZ51U', 'Houkiboshi', 0, 'ENDING', 3, 'PUBLISHED', 0, NULL, '2020-07-13 12:10:05', '2020-07-13 12:10:05'),
(46, 7, 'g3g1jcqJQQ4', 'Happy people', 0, 'ENDING', 4, 'PUBLISHED', 0, NULL, '2020-07-13 12:11:11', '2020-07-13 12:11:11'),
(47, 7, 'zqJBHCAZp-A', 'Life', 0, 'ENDING', 5, 'PUBLISHED', 0, NULL, '2020-07-13 12:11:59', '2020-07-13 12:11:59'),
(48, 7, 'PHaJz21v8Xs', 'My Pace', 0, 'ENDING', 6, 'PUBLISHED', 0, NULL, '2020-07-13 12:13:26', '2020-07-13 12:13:26'),
(49, 7, 'LvCrSFsPxhw', 'Hanabi', 0, 'ENDING', 7, 'PUBLISHED', 0, NULL, '2020-07-13 12:14:31', '2020-07-13 12:14:31'),
(50, 7, 't00Uxl4FB2U', 'Baby It\'s You', 0, 'ENDING', 9, 'PUBLISHED', 0, NULL, '2020-07-13 12:17:29', '2020-07-13 12:17:29'),
(51, 7, 'RKaL146I-TE', 'Sakura Biyori', 0, 'ENDING', 10, 'PUBLISHED', 0, NULL, '2020-07-13 12:18:34', '2020-07-13 12:18:34'),
(52, 7, 'KjMuG0KgKJE', 'Tsumesaki', 0, 'ENDING', 11, 'PUBLISHED', 0, NULL, '2020-07-13 12:21:46', '2020-07-13 12:21:46'),
(53, 7, 'rm1qe3LVDUA', 'Daidai', 0, 'ENDING', 12, 'PUBLISHED', 0, NULL, '2020-07-13 12:22:46', '2020-07-13 12:22:46'),
(54, 7, 'z2TRQNw1-r0', 'Tane wo Maku Hibi', 0, 'ENDING', 13, 'PUBLISHED', 0, NULL, '2020-07-13 12:24:10', '2020-07-13 12:24:10'),
(55, 7, 'oHz403vXmpU', 'Hitohira no Hanabira', 0, 'ENDING', 17, 'PUBLISHED', 0, NULL, '2020-07-13 12:26:03', '2020-07-13 12:26:03'),
(56, 7, 'toLTotjay1Q', 'Kansha', 0, 'ENDING', 14, 'PUBLISHED', 0, NULL, '2020-07-13 12:32:11', '2020-07-13 12:32:11'),
(57, 7, 'KYz4Gzy7DRI', 'Gallop', 0, 'ENDING', 16, 'PUBLISHED', 0, NULL, '2020-07-13 12:34:03', '2020-07-13 12:34:03'),
(58, 7, 'tA7wW9qQfB8', 'Sky Chord ~Otona ni Naru Kimi e~', 0, 'ENDING', 18, 'PUBLISHED', 0, NULL, '2020-07-13 12:36:28', '2020-07-13 12:36:28'),
(59, 7, 'n0Spd3s_fXg', 'Kimi wo Mamotte, Kimi wo Aishite', 0, 'ENDING', 19, 'PUBLISHED', 0, NULL, '2020-07-13 12:37:24', '2020-07-13 12:37:24'),
(60, 7, 'qR2O1qCrfOo', 'Mad Surfer', 0, 'ENDING', 20, 'PUBLISHED', 0, NULL, '2020-07-13 12:38:21', '2020-07-13 12:38:21'),
(61, 7, '3adImY1j05k', 'Sakurabito', 0, 'ENDING', 21, 'PUBLISHED', 0, NULL, '2020-07-13 12:39:24', '2020-07-13 12:39:24'),
(62, 7, 'sY-lhvAwR0E', 'Tabidatsu Kimi e', 0, 'ENDING', 22, 'PUBLISHED', 0, NULL, '2020-07-13 12:40:28', '2020-07-13 12:40:28'),
(63, 7, 'ryY_GW1hzxw', 'Stay Beautiful', 0, 'ENDING', 23, 'PUBLISHED', 0, NULL, '2020-07-13 12:42:11', '2020-07-13 12:42:11'),
(64, 7, '2bDGBUmVKws', 'Echoes', 0, 'ENDING', 24, 'PUBLISHED', 0, NULL, '2020-07-13 12:43:15', '2020-07-13 12:43:15'),
(65, 7, 'SLz__hbpMfs', 'Last Moment', 0, 'ENDING', 25, 'PUBLISHED', 0, NULL, '2020-07-13 12:44:16', '2020-07-13 12:44:16'),
(66, 7, 'KffpCXO1CTk', 'Song for...', 0, 'ENDING', 26, 'PUBLISHED', 0, NULL, '2020-07-13 12:45:45', '2020-07-13 12:45:45'),
(67, 7, 'ZYLHAnFCaMA', 'Aoi Tori (Blue bird)', 0, 'ENDING', 27, 'PUBLISHED', 0, NULL, '2020-07-13 12:47:22', '2020-07-13 12:47:22'),
(68, 7, '2SHfwrMDapc', 'Haruka Kanata', 0, 'ENDING', 28, 'PUBLISHED', 0, NULL, '2020-07-13 12:48:49', '2020-07-13 12:48:49'),
(69, 7, 'Zxk0k7taI00', 'Re:pray', 0, 'ENDING', 29, 'PUBLISHED', 0, NULL, '2020-07-13 12:50:03', '2020-07-13 12:50:03'),
(70, 7, 'Dv1P8KnKOBo', 'Mask', 0, 'ENDING', 30, 'PUBLISHED', 0, NULL, '2020-07-13 12:51:49', '2020-07-13 12:51:49'),
(71, 7, '3XiYyiwFNRo', 'Hello,world!', 0, 'OPENING', 1, 'PUBLISHED', 0, NULL, '2020-07-13 13:00:50', '2020-07-13 13:00:50'),
(72, 7, 'rOU4YiuaxAM', 'Hello,world!', 0, 'MUSIC', NULL, 'PUBLISHED', 0, NULL, '2020-07-13 13:01:27', '2020-07-13 13:01:27'),
(73, 7, 'PkVx2XYalzQ', 'Sugar Song to Bitter Step', 0, 'ENDING', 1, 'PUBLISHED', 0, NULL, '2020-07-13 13:06:23', '2020-07-13 13:06:23'),
(74, 7, '5dj-b0SbYnA', 'fake town baby', 0, 'OPENING', 1, 'PUBLISHED', 0, NULL, '2020-07-13 13:09:51', '2020-07-13 13:09:51'),
(75, 7, '3exsRhw3xt8', 'sugar song to bitter step', 0, 'MUSIC', NULL, 'PUBLISHED', 0, NULL, '2020-07-13 13:11:50', '2020-07-13 13:11:50'),
(76, 7, 'YtN1SegIcMo', 'fake town baby', 0, 'MUSIC', NULL, 'PUBLISHED', 0, NULL, '2020-07-13 13:13:26', '2020-07-13 13:13:46'),
(77, 7, 'C-o8pTi6vd8', 'Hey Kids!!', 0, 'MUSIC', NULL, 'PUBLISHED', 0, NULL, '2020-07-13 13:16:46', '2020-07-13 13:16:46'),
(78, 7, 'aZenmeRytEM', 'Hey Kids!!', 0, 'OPENING', 1, 'PUBLISHED', 0, NULL, '2020-07-13 13:17:45', '2020-07-13 13:17:45'),
(79, 7, 'COBpRXm_CUQ', 'Renegade', 0, 'OPENING', 1, 'PUBLISHED', 0, NULL, '2020-07-13 13:21:18', '2020-07-13 13:21:18'),
(80, 7, 'KAIdFyEU4zI', 'Step Up LOVE', 0, 'OPENING', NULL, 'PUBLISHED', 0, NULL, '2020-07-13 14:59:38', '2020-07-13 14:59:38'),
(81, 7, 'KAIdFyEU4zI', 'step up love', 0, 'OPENING', NULL, 'PUBLISHED', 0, '2020-07-13 15:03:34', '2020-07-13 15:03:18', '2020-07-13 15:03:34'),
(82, 7, 'uwtzT_xlM7M', 'Shissou', 0, 'ENDING', NULL, 'PUBLISHED', 0, NULL, '2020-07-13 15:08:30', '2020-07-13 15:08:30'),
(83, 7, 'Mc1FvrL4EqA', 'Shissou', 0, 'MUSIC', NULL, 'PUBLISHED', 0, NULL, '2020-07-13 15:13:32', '2020-07-13 15:13:32'),
(84, 7, 'jMHEYwa5pPo', 'Yoru no Kuni', 0, 'ENDING', NULL, 'PUBLISHED', 0, NULL, '2020-07-13 15:19:03', '2020-07-13 15:19:03'),
(85, 6, '8mgdyZQ_wzA', 'We Are !', 0, 'OPENING', 1, 'PUBLISHED', 0, NULL, '2020-07-13 17:46:56', '2020-07-13 17:46:56'),
(86, 4, 'OsLY7DXWsF4', 'Crossing fields', 0, 'OPENING', 1, 'PUBLISHED', 0, NULL, '2020-07-13 20:01:45', '2020-07-13 20:01:45'),
(87, 4, 'KId6eunoiWk', 'Crossing Field', 0, 'MUSIC', NULL, 'PUBLISHED', 0, NULL, '2020-07-13 20:02:15', '2020-07-13 20:02:15'),
(88, 4, '4evV8Fr5A8U', 'Black Catcher', 0, 'OPENING', 10, 'PUBLISHED', 0, NULL, '2020-07-13 20:04:32', '2020-07-13 20:04:32'),
(89, 4, 'hP6VM6YAMIE', 'Black Catcher', 0, 'MUSIC', NULL, 'PUBLISHED', 0, NULL, '2020-07-13 20:05:14', '2020-07-13 20:05:14'),
(90, 4, '5tJKOmzyU1A', 'Grand Escape', 0, 'OST', NULL, 'PUBLISHED', 0, NULL, '2020-07-13 20:11:49', '2020-07-13 20:11:49'),
(91, 4, 'saDmN2f3HI0', 'Grand escape', 0, 'MUSIC', NULL, 'PUBLISHED', 0, NULL, '2020-07-13 20:12:15', '2020-07-13 20:12:15'),
(92, 4, 'UoURCZk8wEQ', 'Zen zen zense', 0, 'OST', NULL, 'PUBLISHED', 0, NULL, '2020-07-13 20:13:40', '2020-07-13 20:13:40'),
(93, 4, 'PDSkFeMVNFs', 'Zen zen zense', 0, 'MUSIC', NULL, 'PUBLISHED', 0, NULL, '2020-07-13 20:13:59', '2020-07-13 20:13:59'),
(94, 4, 'tfufAdLmvLQ', 'Secret base', 0, 'MUSIC', NULL, 'PUBLISHED', 0, NULL, '2020-07-13 20:18:32', '2020-07-13 20:18:32'),
(95, 4, 'JRF5TIhshlo', 'Secret base', 0, 'ENDING', 1, 'PUBLISHED', 0, NULL, '2020-07-13 20:19:06', '2020-07-13 20:19:06'),
(96, 6, 'y5oCaIZ0TVc', 'Believe', 0, 'OPENING', 2, 'PUBLISHED', 0, NULL, '2020-07-13 21:48:44', '2020-07-13 21:48:44'),
(97, 6, 'dNi5bO2KQUU', 'Hikari e !', 0, 'OPENING', 3, 'PUBLISHED', 0, NULL, '2020-07-13 21:54:39', '2020-07-13 21:54:39'),
(98, 6, 'lZylQYE6YmU', 'Bon Voyage', 0, 'OPENING', 4, 'PUBLISHED', 0, NULL, '2020-07-13 21:59:29', '2020-07-13 21:59:29'),
(99, 6, 'SU6AZA810FA', 'Kokoro no Chizu', 0, 'OPENING', 5, 'PUBLISHED', 0, NULL, '2020-07-13 22:05:14', '2020-07-13 22:05:14'),
(100, 6, 'iH_YJde1yps', 'Welcome to Chaos', 0, 'OPENING', 1, 'PUBLISHED', 0, NULL, '2020-07-13 22:14:18', '2020-07-13 22:14:18'),
(101, 6, 'bgo9dJB_icw', 'Wild Side', 0, 'OPENING', 1, 'PUBLISHED', 0, NULL, '2020-07-13 22:20:57', '2020-07-13 22:20:57'),
(102, 6, 'tF4faMbs5oQ', 'Good Morning World!', 0, 'OPENING', 1, 'PUBLISHED', 0, NULL, '2020-07-13 22:31:23', '2020-07-13 22:31:23'),
(103, 7, 'ptxv3IxC8ZQ', 'Monochrome no Kiss', 0, 'OPENING', 1, 'PUBLISHED', 0, NULL, '2020-07-20 15:24:09', '2020-07-20 15:24:09'),
(104, 7, 'S6b_FlnAF3c', 'Shiver', 0, 'OPENING', 2, 'PUBLISHED', 0, NULL, '2020-07-20 15:28:08', '2020-07-20 15:28:08'),
(105, 7, 'M22jx3PNxr0', 'Enamel', 0, 'OPENING', 3, 'PUBLISHED', 0, NULL, '2020-07-20 15:31:41', '2020-07-20 15:31:41'),
(106, 7, 'vDK02xlB47k', 'Enamel', 0, 'MUSIC', NULL, 'PUBLISHED', 0, NULL, '2020-07-20 15:32:36', '2020-07-20 15:32:36'),
(107, 7, 'Kmhb7v6zL-8', 'Bird', 0, 'ENDING', 1, 'PUBLISHED', 0, NULL, '2020-07-20 15:38:12', '2020-07-20 15:38:12'),
(108, 7, 'AUG7SZGgYBk', 'Lacrimosa', 0, 'ENDING', 2, 'PUBLISHED', 0, NULL, '2020-07-20 15:42:57', '2020-07-20 15:42:57'),
(109, 7, 'hs0m_mcZeGQ', 'Aoki Tsuki Michite', 0, 'ENDING', 3, 'PUBLISHED', 0, NULL, '2020-07-20 15:44:41', '2020-07-20 15:44:41'),
(110, 7, 'xLOUMqyp_-M', 'Aoki Tsuki Michite', 0, 'MUSIC', NULL, 'PUBLISHED', 0, NULL, '2020-07-20 15:45:35', '2020-07-20 15:45:35'),
(111, 7, 'BkHZhFhxQUI', 'Da Da Da!', 0, 'OPENING', 1, 'PUBLISHED', 0, NULL, '2020-07-20 15:52:57', '2020-07-20 15:52:57'),
(112, 7, 'MQ2wWTAO5B4', 'Hajimaru no wa sayonara', 0, 'OPENING', 2, 'PUBLISHED', 0, NULL, '2020-07-20 15:55:25', '2020-07-20 15:55:25'),
(113, 7, '8gjiI0KRxjA', 'Hey!', 0, 'OPENING', 3, 'PUBLISHED', 0, NULL, '2020-07-20 15:58:15', '2020-07-20 15:58:15'),
(114, 7, '5C0IE_Y5CUU', 'Baby u!', 0, 'OPENING', 4, 'PUBLISHED', 0, NULL, '2020-07-20 16:01:02', '2020-07-20 16:01:02'),
(115, 7, 'G1tpPYTI07c', 'Only You', 0, 'OPENING', 5, 'PUBLISHED', 0, NULL, '2020-07-20 16:03:26', '2020-07-20 16:03:26'),
(116, 7, 'vWQnh-asbnM', 'Answer', 0, 'ENDING', 1, 'PUBLISHED', 0, NULL, '2020-07-20 16:07:58', '2020-07-20 16:07:58'),
(117, 7, '4NXZVu-qSmI', 'Tsuyogari', 0, 'ENDING', 2, 'PUBLISHED', 0, NULL, '2020-07-20 16:10:43', '2020-07-20 16:10:43'),
(118, 7, 'Sd6PkKicUd0', 'Nanairo namida', 0, 'ENDING', 3, 'PUBLISHED', 0, NULL, '2020-07-20 16:12:57', '2020-07-20 16:12:57'),
(119, 7, 'rsyrbvWlBMc', 'Papepipu Papipepu Papepipupo', 0, 'ENDING', 4, 'PUBLISHED', 0, NULL, '2020-07-20 16:15:54', '2020-07-20 16:15:54'),
(120, 7, 'tvHqaimwcKE', 'Trash Candy', 0, 'OPENING', 1, 'PUBLISHED', 0, NULL, '2020-07-20 16:30:28', '2020-07-20 16:30:28'),
(121, 7, 'v9OhNoPAZJY', 'Reason Living', 0, 'OPENING', 2, 'PUBLISHED', 0, NULL, '2020-07-20 16:39:16', '2020-07-20 16:39:16'),
(122, 7, 'F0Q9zRu9sZY', 'Setsuna no Ai', 0, 'OPENING', 3, 'PUBLISHED', 0, NULL, '2020-07-20 16:41:14', '2020-07-20 16:41:14'),
(123, 7, '-cFvEPfhMdo', 'Namae wo Yobu yo', 0, 'ENDING', 1, 'PUBLISHED', 0, NULL, '2020-07-20 16:49:47', '2020-07-20 16:49:47'),
(124, 7, '-g6MYL5lOZs', 'Namae wo Yobu yo', 0, 'MUSIC', NULL, 'PUBLISHED', 0, NULL, '2020-07-20 16:50:45', '2020-07-20 16:50:45'),
(125, 7, 'YJkr6rSsdM0', 'Kaze ga Fuku Machi', 0, 'ENDING', 2, 'PUBLISHED', 0, NULL, '2020-07-20 16:52:27', '2020-07-20 16:52:27'),
(126, 7, 'vcJ61mfcK3A', 'kaze ga fuku machi', 0, 'MUSIC', NULL, 'PUBLISHED', 0, NULL, '2020-07-20 16:55:19', '2020-07-20 16:55:19'),
(127, 7, 'R8bFjNfVvz0', 'Lily', 0, 'ENDING', 3, 'PUBLISHED', 0, NULL, '2020-07-20 16:57:19', '2020-07-20 16:57:19'),
(128, 7, 'bxbXUMy4kok', 'Lily', 0, 'MUSIC', NULL, 'PUBLISHED', 0, NULL, '2020-07-20 16:58:01', '2020-07-20 16:58:01'),
(129, 7, 'eAis_zuvwDU', 'Trash Candy', 0, 'MUSIC', NULL, 'PUBLISHED', 0, NULL, '2020-07-20 17:01:35', '2020-07-20 17:01:35'),
(130, 7, 'iEcOzINHOUE', 'Reason Living', 0, 'MUSIC', NULL, 'PUBLISHED', 0, NULL, '2020-07-20 17:03:35', '2020-07-20 17:03:35'),
(131, 7, '3YdoEy8QpyY', 'Setsuna no Ai', 0, 'MUSIC', NULL, 'PUBLISHED', 0, NULL, '2020-07-20 17:06:05', '2020-07-20 17:06:05'),
(132, 7, 'IvDPvriVs6k', 'Happy Material II', 0, 'OPENING', 1, 'PUBLISHED', 0, NULL, '2020-07-20 17:17:49', '2020-07-20 17:17:49'),
(133, 6, 'LyBkkJawLSw', 'Viva Namida', 0, 'OPENING', 1, 'PUBLISHED', 0, NULL, '2020-07-21 00:13:11', '2020-07-21 00:13:11'),
(134, 6, 'OI9aye8uTCk', 'Viva Namida', 0, 'MUSIC', NULL, 'PUBLISHED', 0, NULL, '2020-07-21 00:22:55', '2020-07-21 00:22:55'),
(135, 6, '0EHzC0xD0rM', 'X Jigen e Youkoso', 0, 'ENDING', 1, 'PUBLISHED', 0, NULL, '2020-07-21 00:25:30', '2020-07-21 00:25:30'),
(136, 6, 'E4yZNsx-OMs', 'Koko Dake no Hanashi', 0, 'OPENING', 1, 'PUBLISHED', 0, NULL, '2020-07-21 00:32:48', '2020-07-21 00:32:48'),
(137, 6, '1bz4TTsG9Ow', 'Kimi no Kirei ni Kizuite Okure', 0, 'ENDING', 1, 'PUBLISHED', 0, NULL, '2020-07-21 00:37:11', '2020-07-21 00:37:11'),
(138, 6, 'M8JuOhB7-U0', 'V.I.P', 0, 'OPENING', 1, 'PUBLISHED', 0, NULL, '2020-07-21 00:59:31', '2020-07-21 00:59:31'),
(139, 6, 'jTNsBGwkDx4', 'Yubi Bouenkyou', 0, 'ENDING', 1, 'PUBLISHED', 0, NULL, '2020-07-21 01:01:44', '2020-07-21 21:51:46'),
(140, 6, '2dp511yXXjc', 'Matataku Hoshi no Shita de', 0, 'OPENING', 2, 'PUBLISHED', 0, NULL, '2020-07-21 21:08:15', '2020-07-21 21:08:15'),
(141, 6, 'cP6-13o2AfE', 'The Bravery', 0, 'ENDING', 2, 'PUBLISHED', 0, NULL, '2020-07-21 21:11:06', '2020-07-21 21:11:06'),
(142, 6, 'UHmG-pUyVOs', 'Spotlight', 0, 'OPENING', 1, 'PUBLISHED', 0, NULL, '2020-07-21 21:12:46', '2020-07-21 21:12:46'),
(143, 6, 'C14-WfUBetY', 'Polaris', 0, 'ENDING', 1, 'PUBLISHED', 0, NULL, '2020-07-21 21:15:13', '2020-07-21 21:15:13'),
(144, 6, 'sxxznc1yGOI', 'ANNIVERSARY', 0, 'OPENING', 1, 'PUBLISHED', 0, NULL, '2020-07-21 21:46:15', '2020-07-21 21:46:15'),
(145, 6, 'iFdulV-ee1c', 'HIKARI', 0, 'OPENING', 2, 'PUBLISHED', 0, NULL, '2020-07-21 21:48:15', '2020-07-21 21:48:15'),
(146, 6, 'ddbtDaXAvbA', 'Eden', 0, 'ENDING', 1, 'PUBLISHED', 0, NULL, '2020-07-21 21:53:09', '2020-07-21 21:53:09'),
(147, 6, 'wE6gcqMzdDo', 'With You / With Me', 0, 'ENDING', 2, 'PUBLISHED', 0, NULL, '2020-07-21 21:56:17', '2020-07-21 21:56:17'),
(148, 7, '2---3Iysnqg', 'Imagination', 0, 'ENDING', 1, 'PUBLISHED', 0, NULL, '2020-07-31 20:13:07', '2020-07-31 20:13:07'),
(149, 7, 'f2CVselNpLs', 'Tenchi Gaeshi', 0, 'ENDING', 1, 'PUBLISHED', 0, NULL, '2020-07-31 20:14:01', '2020-07-31 20:14:01'),
(150, 9, '2JGl6UzfPkE', 'Driver\'s High', 0, 'OPENING', 1, 'PUBLISHED', 0, NULL, '2020-08-02 15:45:17', '2020-08-02 17:57:56'),
(151, 9, 'xpAg0spgFJA', 'Hitori no Yoru', 0, 'OPENING', 2, 'PUBLISHED', 0, NULL, '2020-08-02 15:52:12', '2020-08-02 17:57:04'),
(152, 9, 'Y9Y0XkSvQSI', 'Last Piece', 0, 'ENDING', 1, 'PUBLISHED', 0, NULL, '2020-08-02 15:56:07', '2020-08-02 17:56:10'),
(153, 9, 'TdZjdGN5TSo', 'Hitori no Yoru', 0, 'ENDING', 2, 'PUBLISHED', 0, '2020-08-02 17:57:46', '2020-08-02 16:00:29', '2020-08-02 17:57:46'),
(154, 9, 'wy60nLyTUY4', 'Hikari no Hahen', 0, 'OPENING', 1, 'PUBLISHED', 0, NULL, '2020-08-02 16:11:13', '2020-08-02 17:53:46'),
(155, 9, 'ButwnZomyYk', 'Mirai', 0, 'ENDING', 1, 'PUBLISHED', 0, NULL, '2020-08-02 16:14:29', '2020-08-02 17:53:11'),
(156, 9, 'QNjxJNu1YqQ', 'Mune Ga Dokidoki', 0, 'OPENING', 1, 'PUBLISHED', 0, NULL, '2020-08-02 16:21:54', '2020-08-02 17:52:24'),
(157, 9, 'uV6CbeBZ9CA', 'Feel your heart', 0, 'OPENING', 2, 'PUBLISHED', 0, NULL, '2020-08-02 16:27:38', '2020-08-02 17:52:08'),
(158, 9, 'BolksIRvC-0', 'Sekai wa Koi ni Ochiteiru', 0, 'OPENING', 1, 'PUBLISHED', 0, NULL, '2020-08-02 16:49:09', '2020-08-02 17:51:33'),
(159, 9, 'sp3bwmAVvV4', 'Fujifabric - Blue', 0, 'ENDING', 1, 'PUBLISHED', 0, NULL, '2020-08-02 16:54:59', '2020-08-02 16:54:59'),
(160, 9, 'BUyBEmpsAww', 'ROSE', 0, 'OPENING', 1, 'PUBLISHED', 0, NULL, '2020-08-02 17:00:23', '2020-08-02 17:50:20'),
(161, 9, 'ZJ-SpKD0Fq8', 'WISH', 0, 'OPENING', 2, 'PUBLISHED', 0, NULL, '2020-08-02 17:03:38', '2020-08-02 17:49:59'),
(162, 9, '3Ga2MqOI9Y8', 'Lucy', 0, 'OPENING', 3, 'PUBLISHED', 0, NULL, '2020-08-02 17:05:19', '2020-08-02 21:58:30'),
(163, 9, 'a-xE4Vkwk8c', 'Nana opening 3 Lucy with lyrics', 0, 'OPENING', 3, 'PUBLISHED', 0, '2020-08-02 17:48:48', '2020-08-02 17:09:01', '2020-08-02 17:48:48'),
(164, 9, 'tJMNDd9DT9s', 'A LITTLE PAIN', 0, 'ENDING', 1, 'PUBLISHED', 0, NULL, '2020-08-02 17:12:24', '2020-08-02 17:47:50'),
(165, 9, 'Pc2FKe48ROI', 'NANA-ending 2', 0, 'ENDING', 2, 'PUBLISHED', 0, '2020-08-02 17:15:52', '2020-08-02 17:14:00', '2020-08-02 17:15:52'),
(166, 9, '78kJYOyTNcM', 'MY SECRET', 0, 'OPENING', 1, 'PUBLISHED', 0, NULL, '2020-08-02 17:22:04', '2020-08-02 17:47:24'),
(167, 9, 'nztDwbx3DYk', 'LOOP', 0, 'ENDING', 2, 'PUBLISHED', 0, NULL, '2020-08-02 17:25:11', '2020-08-02 17:47:06'),
(168, 9, 'tqpvTRMQwn8', 'YOKAN', 0, 'ENDING', 1, 'PUBLISHED', 0, NULL, '2020-08-02 17:26:40', '2020-08-02 17:46:39'),
(169, 9, 'z1x7ZTDP_Cw', 'Futatsu no Kodou to Akai Tsumi', 0, 'OPENING', 1, 'PUBLISHED', 0, NULL, '2020-08-02 17:39:13', '2020-08-02 17:46:23'),
(170, 9, 'S89dMYHckHg', 'Vampire knight FULL (LETRA)', 0, 'OPENING', 2, 'PUBLISHED', 0, NULL, '2020-08-02 17:40:54', '2020-08-02 20:58:13'),
(171, 9, 'x9ahvCTtOrk', 'STILL DOLL', 0, 'ENDING', 1, 'PUBLISHED', 0, NULL, '2020-08-02 17:43:44', '2020-08-02 17:43:44'),
(172, 9, 'TdZjdGN5TSo', 'Shizuku', 0, 'ENDING', 2, 'PUBLISHED', 0, NULL, '2020-08-02 18:00:28', '2020-08-02 18:00:28'),
(173, 9, 'dQxTG8eXJDk', 'EDEN', 0, 'ENDING', 2, 'PUBLISHED', 0, NULL, '2020-08-04 11:57:04', '2020-08-04 11:57:04'),
(174, 9, '1ushvLhxSg0', 'LUCKY ENDING', 0, 'ENDING', 1, 'PUBLISHED', 0, NULL, '2020-08-04 11:58:48', '2020-08-04 11:58:48'),
(175, 9, 'TqFTL263nkk', 'CHIME', 0, 'OPENING', 2, 'PUBLISHED', 0, NULL, '2020-08-04 12:00:26', '2020-08-04 12:00:26'),
(176, 9, 'mhUjD5cfWPo', 'Jajauma ni Sasenaide', 0, 'OPENING', 1, 'PUBLISHED', 0, NULL, '2020-08-04 12:28:02', '2020-08-04 12:28:02'),
(177, 9, 'tNIOUGO5pg4', 'Little Date', 0, 'OPENING', 1, 'PUBLISHED', 0, NULL, '2020-08-04 12:30:09', '2020-08-04 12:30:09'),
(178, 9, 'SqgdguzG4Fk', 'Omoide ga Ippai', 0, 'ENDING', 3, 'PUBLISHED', 0, NULL, '2020-08-04 12:31:41', '2020-08-04 12:31:41'),
(179, 9, '36I1pA3QH2o', 'Zettai! Part 2', 0, 'OPENING', 4, 'PUBLISHED', 0, NULL, '2020-08-04 12:33:25', '2020-08-04 12:33:25'),
(180, 9, 'JEEUad7U8Bw', 'Chikyuu Orchestra', 0, 'OPENING', 5, 'PUBLISHED', 0, NULL, '2020-08-04 12:35:17', '2020-08-04 12:35:17'),
(181, 9, 'WqgMds1ug5E', 'Mou Nakanaide', 0, 'OPENING', 6, 'PUBLISHED', 0, NULL, '2020-08-04 12:37:01', '2020-08-04 12:37:01'),
(182, 9, 'Q3BsvRwrulM', 'Platonic Tsuranuite', 0, 'ENDING', 1, 'PUBLISHED', 0, NULL, '2020-08-04 12:38:34', '2020-08-04 12:38:34'),
(183, 9, 'SAC1p92cmd8', 'EQUAL Romance', 0, 'ENDING', 2, 'PUBLISHED', 0, NULL, '2020-08-04 12:39:43', '2020-08-04 12:39:43'),
(184, 9, 'nID1A_iJxW0', 'Don\'t mind lay-lay Boy', 0, 'ENDING', 3, 'PUBLISHED', 0, NULL, '2020-08-04 12:41:03', '2020-08-04 12:41:03'),
(185, 9, '2U43jacmsRQ', 'Ranbada Ranma', 0, 'ENDING', 4, 'PUBLISHED', 0, NULL, '2020-08-04 12:43:00', '2020-08-04 12:43:00'),
(186, 9, 'q_8WbQJVuVQ', 'Friends', 0, 'ENDING', 6, 'PUBLISHED', 0, NULL, '2020-08-04 12:45:42', '2020-08-04 12:45:42'),
(187, 9, 'tFO59MsMpew', 'Positive', 0, 'ENDING', 8, 'PUBLISHED', 0, NULL, '2020-08-04 12:46:45', '2020-08-04 12:46:45'),
(188, 9, 'X5S4j2Y5xvA', 'Hinageshi', 0, 'ENDING', 7, 'PUBLISHED', 0, NULL, '2020-08-04 12:48:19', '2020-08-04 12:48:19'),
(189, 9, 'MZI5iXr3Xi0', 'Purezento', 0, 'ENDING', 5, 'PUBLISHED', 0, NULL, '2020-08-04 12:50:49', '2020-08-04 12:50:49'),
(190, 9, 'vV3l_1j8pPE', 'Kibou no Uta', 0, 'OPENING', 1, 'PUBLISHED', 0, NULL, '2020-08-04 12:59:39', '2020-08-27 20:17:18'),
(191, 9, 'WGASdBxpVPw', 'Rising Rainbow', 0, 'OPENING', 2, 'PUBLISHED', 0, NULL, '2020-08-04 13:01:16', '2020-08-27 20:19:04'),
(192, 9, 'xti0Z4IBjwg', 'Spice', 0, 'ENDING', 1, 'PUBLISHED', 0, NULL, '2020-08-04 13:02:59', '2020-08-27 20:16:51'),
(193, 9, 'EVz82npkUyw', 'Spice V2', 0, 'ENDING', 2, 'PUBLISHED', 0, '2020-08-04 13:07:49', '2020-08-04 13:05:14', '2020-08-04 13:07:49'),
(194, 9, 'DgPugPSl8WM', 'Sacchan no Sexy Curry', 0, 'ENDING', 2, 'PUBLISHED', 0, NULL, '2020-08-04 13:07:43', '2020-08-04 13:07:43'),
(195, 9, 'DJcuDgVYjgI', 'DAN DAN Kokoro Hikareteku', 0, 'OPENING', 1, 'PUBLISHED', 0, NULL, '2020-08-04 13:14:45', '2020-08-04 13:14:45'),
(196, 9, 'dZCjgVEiKTM', 'Noise', 0, 'OPENING', 1, 'PUBLISHED', 0, '2020-08-05 18:49:25', '2020-08-05 18:48:19', '2020-08-05 18:49:25'),
(197, 9, 'l6E2Xlatooo', 'Sakasama no Chou', 0, 'OPENING', 1, 'PUBLISHED', 0, NULL, '2020-08-05 18:51:20', '2020-08-05 18:51:20'),
(198, 9, 'X3NyuQtlAsQ', 'Karinui', 0, 'ENDING', 1, 'PUBLISHED', 0, NULL, '2020-08-05 18:54:12', '2020-08-05 18:54:12'),
(199, 9, 'nfiBvfxA9zk', 'Nightmare', 0, 'OPENING', 2, 'PUBLISHED', 0, NULL, '2020-08-05 18:57:16', '2020-08-05 18:57:16'),
(200, 9, 'MNBAZ7mcH3Y', 'Aizome', 0, 'ENDING', 2, 'PUBLISHED', 0, NULL, '2020-08-05 18:59:33', '2020-08-05 18:59:33'),
(201, 9, 'Eq6EYcpWB_c', 'battlecry', 0, 'OPENING', 1, 'PUBLISHED', 0, NULL, '2020-08-05 19:24:47', '2020-08-05 19:24:47'),
(202, 9, 'mQAfG3DgG7M', 'Shiki no Uta', 0, 'ENDING', 1, 'PUBLISHED', 0, NULL, '2020-08-05 19:26:24', '2020-08-05 19:26:24'),
(203, 9, 'i6BU9MSXe-0', 'Who\'s Theme', 0, 'ENDING', 2, 'PUBLISHED', 0, NULL, '2020-08-05 19:28:44', '2020-08-05 19:28:44'),
(204, 9, '7eB-1qq8T_4', 'You', 0, 'ENDING', 3, 'PUBLISHED', 0, NULL, '2020-08-05 19:32:39', '2020-08-05 19:32:39'),
(205, 9, 'QGHjp1qHI8g', 'San Francisco', 0, 'ENDING', 5, 'PUBLISHED', 0, NULL, '2020-08-05 19:42:04', '2020-08-05 19:42:04'),
(206, 9, 'NvOv8XpsO2s', 'Koi☆Kana', 0, 'OPENING', 1, 'PUBLISHED', 0, NULL, '2020-08-05 20:02:56', '2020-08-05 20:02:56'),
(207, 9, 'LksGBUU__1I', 'Balalaika', 0, 'OPENING', 2, 'PUBLISHED', 0, NULL, '2020-08-05 20:04:44', '2020-08-05 20:04:44'),
(208, 9, 'hGH0DcAm9Ek', 'Sugao-Flavor', 0, 'ENDING', 1, 'PUBLISHED', 0, NULL, '2020-08-05 20:08:02', '2020-08-05 20:08:02'),
(209, 9, '0l6KDWLsICA', 'Ooki na Ai de Motenashite', 0, 'ENDING', 2, 'PUBLISHED', 0, NULL, '2020-08-05 20:11:01', '2020-08-05 20:11:01'),
(210, 9, 'G2Ibo5TmwXo', 'Mizuiro Melody', 0, 'ENDING', 3, 'PUBLISHED', 0, NULL, '2020-08-05 20:12:25', '2020-08-05 20:12:25'),
(211, 9, 'QJRgcJY2Wik', 'Koi no Mahou wa Habibi no Bi', 0, 'ENDING', 5, 'PUBLISHED', 0, NULL, '2020-08-05 20:13:56', '2020-08-05 20:13:56'),
(212, 9, 'kJQ7JvhCRv4', 'Ramutara', 0, 'ENDING', 8, 'PUBLISHED', 0, NULL, '2020-08-05 20:16:00', '2020-08-05 20:16:00'),
(213, 9, '48xzApuwp9M', 'Olala', 0, 'ENDING', 9, 'PUBLISHED', 0, NULL, '2020-08-05 20:18:29', '2020-08-05 20:18:29'),
(214, 9, 'sPJkhyGwMbM', 'Love Dayo Darling', 0, 'ENDING', 4, 'PUBLISHED', 0, NULL, '2020-08-05 20:19:55', '2020-08-05 20:19:55'),
(215, 9, 'R3kULpjDeIA', 'Chance !', 0, 'OPENING', 5, 'PUBLISHED', 0, NULL, '2020-08-05 20:26:50', '2020-08-05 20:26:50'),
(216, 9, 'iKrFSbg9O4w', 'Monochrome', 0, 'OPENING', 1, 'PUBLISHED', 0, NULL, '2020-08-05 20:36:22', '2020-08-05 20:36:22'),
(217, 9, '8cNoaMwZulM', 'Dakishimete', 0, 'ENDING', 1, 'PUBLISHED', 0, NULL, '2020-08-05 20:37:59', '2020-08-05 20:37:59'),
(218, 9, '2NSgqpACi_c', 'Lovers\' tone', 0, 'ENDING', 2, 'PUBLISHED', 0, NULL, '2020-08-05 20:39:21', '2020-08-05 20:39:21'),
(219, 9, 'GlaNbMdnmII', 'Kimi wa Tennen Shoku', 0, 'ENDING', 1, 'PUBLISHED', 0, NULL, '2020-08-06 18:18:39', '2020-08-06 18:18:39'),
(220, 9, '67RpDUw8jnw', 'Chiisana Hibi', 0, 'OPENING', 1, 'PUBLISHED', 0, NULL, '2020-08-06 18:19:42', '2020-08-06 18:19:42'),
(221, 9, '2Fwb7ca88as', 'Yume no Fune', 0, 'ENDING', 4, 'PUBLISHED', 0, NULL, '2020-08-06 18:25:25', '2020-08-06 18:25:25'),
(222, 9, '-B9JAgH6Q5A', 'Ikiru Koto ni Raku ni Naritai', 0, 'ENDING', 3, 'PUBLISHED', 0, NULL, '2020-08-06 18:27:26', '2020-08-06 18:27:26'),
(223, 9, 'hjpxgJEiJ8Q', 'One of them', 0, 'ENDING', 2, 'PUBLISHED', 0, NULL, '2020-08-06 18:28:43', '2020-08-06 18:28:43'),
(224, 9, 'alF2CGUqbJA', 'Sora No Esmerald', 0, 'ENDING', 1, 'PUBLISHED', 0, NULL, '2020-08-06 18:30:19', '2020-08-06 18:30:19'),
(225, 9, 'tCP0kN3N9vw', 'Muzui', 0, 'OPENING', 1, 'PUBLISHED', 0, NULL, '2020-08-06 18:31:25', '2020-08-06 18:31:25'),
(226, 9, 'T7nZ9OtFJD8', 'Take\'mo chance !', 0, 'OPENING', 1, 'PUBLISHED', 0, NULL, '2020-08-06 18:36:03', '2020-08-06 18:36:03'),
(227, 9, '7RruPVjc0BQ', 'Freedom', 0, 'ENDING', 1, 'PUBLISHED', 0, NULL, '2020-08-06 18:39:15', '2020-08-06 18:39:15'),
(228, 9, 'B2qPiSi3rdw', 'mononoke・in・the・fiction', 0, 'OPENING', 1, 'PUBLISHED', 0, NULL, '2020-08-06 18:44:18', '2020-08-06 18:44:18'),
(229, 9, '7utAfa2SzMU', 'Last Dance', 0, 'ENDING', 1, 'PUBLISHED', 0, NULL, '2020-08-06 18:47:29', '2020-08-06 18:47:29'),
(230, 9, '00ZIAQlgnxQ', 'Kessen Spirit', 0, 'ENDING', 1, 'PUBLISHED', 0, '2020-08-06 18:58:13', '2020-08-06 18:56:16', '2020-08-06 18:58:13'),
(231, 9, 'b5lsuPxMFmw', 'Phoenix', 0, 'OPENING', 1, 'PUBLISHED', 0, '2020-08-06 18:58:09', '2020-08-06 18:57:39', '2020-08-06 18:58:09'),
(232, 9, 'VpQEPjAflyQ', 'Nameless Story', 0, 'ENDING', 1, 'PUBLISHED', 0, NULL, '2020-08-06 19:02:40', '2020-08-06 19:02:40'),
(233, 9, 'gOjqII1BIbM', 'Final Phase', 0, 'OPENING', 1, 'PUBLISHED', 0, NULL, '2020-08-06 19:05:15', '2020-08-06 19:05:15'),
(234, 9, 'joV58f4IIV0', 'Dual Existence', 0, 'OPENING', 2, 'PUBLISHED', 0, NULL, '2020-08-06 19:09:22', '2020-08-06 19:09:22'),
(235, 9, 'mFhtJBlIJrY', 'Aoarashi no Ato de', 0, 'ENDING', 2, 'PUBLISHED', 0, NULL, '2020-08-06 19:11:05', '2020-08-06 19:11:05'),
(236, 9, 'FFJsc1jzLeU', 'Smile Skill = Suki Skill!', 0, 'OPENING', 1, 'PUBLISHED', 0, NULL, '2020-08-06 19:29:24', '2020-08-06 19:29:24'),
(237, 9, 'AU-Am62ZnJI', 'Genzai↑ Banzai↑', 0, 'ENDING', 1, 'PUBLISHED', 0, NULL, '2020-08-06 19:31:53', '2020-08-06 19:31:53'),
(238, 9, 'TTxkXTh6yv4', 'Seishun COUNTDOWN', 0, 'ENDING', 1, 'PUBLISHED', 0, NULL, '2020-08-06 19:39:35', '2020-08-06 19:39:35'),
(239, 9, '_Ny6n8c25jY', 'DREAMER', 0, 'OPENING', 1, 'PUBLISHED', 0, NULL, '2020-08-06 19:40:45', '2020-08-06 19:40:45'),
(240, 9, 'LxgCLiQWJ7c', 'Massara', 0, 'OPENING', 1, 'PUBLISHED', 0, NULL, '2020-08-06 19:51:56', '2020-08-06 19:51:56'),
(241, 9, 'liQbvDCAoQE', 'Stand By Me', 0, 'ENDING', 1, 'PUBLISHED', 0, NULL, '2020-08-06 19:53:13', '2020-08-06 19:53:13'),
(242, 9, 'KzS-VYMlULc', 'Sarazanmai no Uta', 0, 'MUSIC', 1, 'PUBLISHED', 0, NULL, '2020-08-06 19:58:41', '2020-08-06 20:01:30'),
(243, 9, '9hZ-Xg_CrNs', 'Kawauso Iya', 0, 'MUSIC', 3, 'PUBLISHED', 0, NULL, '2020-08-06 20:01:08', '2020-08-06 20:01:08'),
(244, 7, 'HeFZpQ9J6SU', 'Sangenshoku', 0, 'OPENING', 2, 'PUBLISHED', 0, NULL, '2020-08-07 12:19:07', '2020-08-07 12:19:07'),
(245, 12, 'cZ7zQbMxm28', 'Colors', 0, 'OPENING', 1, 'PUBLISHED', 0, NULL, '2020-08-12 08:34:52', '2020-08-12 08:34:52'),
(246, 11, '9aJVr5tTTWk', 'Peace Sign', 0, 'MUSIC', 2, 'PUBLISHED', 0, NULL, '2020-08-12 10:44:59', '2020-08-12 10:44:59'),
(247, 7, 'UqpdDTeHbd8', 'Love Dramatic', 0, 'OPENING', 1, 'PUBLISHED', 0, NULL, '2020-08-26 13:22:27', '2020-08-26 13:22:27'),
(248, 7, 'lTlzDfhPtFA', 'DADDY! DADDY! DO!', 0, 'OPENING', 2, 'PUBLISHED', 0, NULL, '2020-08-26 13:24:02', '2020-08-26 13:24:02'),
(249, 7, 'kg1DJagSpD4', 'Sentimental Crisis', 0, 'ENDING', 1, 'PUBLISHED', 0, NULL, '2020-08-26 13:25:16', '2020-08-26 13:25:16'),
(250, 7, '5p0viMzyzsU', 'Kaze ni Fukarete', 0, 'ENDING', 2, 'PUBLISHED', 0, NULL, '2020-08-26 13:30:05', '2020-08-26 13:30:05'),
(251, 7, '2Od7QCsyqkE', 'DADDY ! DADDY ! DO !', 0, 'MUSIC', NULL, 'PUBLISHED', 0, NULL, '2020-08-26 13:34:11', '2020-08-26 13:34:11'),
(252, 7, 'JBqxVX_LXvk', 'Inferno', 0, 'OPENING', 1, 'PUBLISHED', 0, NULL, '2020-08-28 19:04:54', '2020-08-28 19:04:54'),
(253, 7, 'wfCcs0vLysk', 'Inferno', 0, 'MUSIC', NULL, 'PUBLISHED', 0, NULL, '2020-08-28 19:06:25', '2020-08-28 19:06:25'),
(254, 7, 't0WClcc-aVs', 'MAYDAY', 0, 'OPENING', 2, 'PUBLISHED', 0, NULL, '2020-08-28 19:10:40', '2020-08-28 19:10:40'),
(255, 7, 'PzaW0E7uRwc', 'MAYDAY', 0, 'MUSIC', NULL, 'PUBLISHED', 0, NULL, '2020-08-28 19:16:20', '2020-08-28 19:16:20'),
(256, 7, 'tFNutOFtkFc', 'SPARK-AGAIN', 0, 'MUSIC', NULL, 'PUBLISHED', 0, NULL, '2020-08-28 19:18:54', '2020-08-28 19:18:54'),
(257, 7, 'QmMRGuJT0eg', 'SPARK-AGAIN', 0, 'OPENING', 1, 'PUBLISHED', 0, NULL, '2020-08-28 19:21:05', '2020-08-28 19:21:05'),
(258, 7, 'geE49ne2mQg', 'Veil', 0, 'ENDING', 1, 'PUBLISHED', 0, NULL, '2020-08-28 19:25:26', '2020-08-28 19:25:26'),
(259, 7, 'dIH1nOPvrQ0', 'Veil', 0, 'MUSIC', NULL, 'PUBLISHED', 0, NULL, '2020-08-28 19:27:39', '2020-08-28 19:27:39'),
(260, 7, 'jbTO40J4ENs', 'Nounai', 0, 'ENDING', 2, 'PUBLISHED', 0, NULL, '2020-08-28 19:29:16', '2020-08-28 19:29:16'),
(261, 7, 'IF2bt6gXKRM', 'Nounai', 0, 'MUSIC', NULL, 'PUBLISHED', 0, NULL, '2020-08-28 19:32:52', '2020-08-28 19:32:52'),
(262, 7, '9caG__3FIcg', 'ID', 0, 'ENDING', 3, 'PUBLISHED', 0, NULL, '2020-08-28 19:36:05', '2020-08-28 19:36:05'),
(263, 7, 'MHxfqR1Hy1E', 'ID', 0, 'MUSIC', NULL, 'PUBLISHED', 0, NULL, '2020-08-28 19:36:54', '2020-08-28 19:36:54'),
(264, 13, 'dsK8SsfqdHE', 'Black clover', 0, 'OPENING', 3, 'PUBLISHED', 0, '2022-01-11 12:29:06', '2020-10-15 07:26:55', '2022-01-11 12:29:06'),
(265, 13, 'RLsOEC1fZWU', 'JoJo no Kimyou na Bouken', 0, 'ENDING', 1, 'PUBLISHED', 0, NULL, '2020-10-15 07:46:14', '2020-10-15 07:46:14'),
(266, 13, 'pYnLO7MVKno', 'DBZ', 0, 'OPENING', 1, 'PUBLISHED', 0, NULL, '2020-10-15 07:52:00', '2020-10-15 07:52:00'),
(267, 13, '4GDVEl3qw2M', 'The promised neverland', 0, 'OPENING', 1, 'PUBLISHED', 0, NULL, '2020-10-15 08:00:20', '2020-10-15 08:00:20'),
(268, 13, '80oOmZSMlx0', 'Fruit basket', 0, 'OPENING', 1, 'PUBLISHED', 0, NULL, '2020-10-19 08:29:46', '2020-10-19 08:29:46'),
(269, 13, '1caZJtPXSME', 'Vampire Knight', 0, 'OPENING', 1, 'PUBLISHED', 0, NULL, '2020-10-19 08:31:49', '2020-10-19 08:31:49'),
(270, 13, 'e-7uuV7B7mo', 'Fairy tail', 0, 'OPENING', 22, 'PUBLISHED', 0, NULL, '2020-10-19 08:38:16', '2020-10-19 08:38:16'),
(271, 13, 'LKo-tk08zuM', 'Fairy tail', 0, 'OPENING', 23, 'PUBLISHED', 0, NULL, '2020-10-19 08:42:15', '2020-10-19 08:42:15'),
(272, 13, '-77UEct0cZM', 'My hero academia', 0, 'OPENING', 1, 'PUBLISHED', 0, '2022-01-10 12:56:01', '2020-10-19 08:45:51', '2022-01-10 12:56:01'),
(273, 13, 'VKviyEGvb94', 'Haikyu', 0, 'OPENING', 2, 'PUBLISHED', 0, '2022-01-11 12:44:06', '2020-10-19 08:51:30', '2022-01-11 12:44:06'),
(274, 13, 'JBqxVX_LXvk', 'Fire force', 0, 'OPENING', 1, 'PUBLISHED', 0, NULL, '2020-10-19 08:54:35', '2020-10-19 08:54:35'),
(275, 13, 'McKqDvwikF8', 'Fire force', 0, 'ENDING', 1, 'PUBLISHED', 0, NULL, '2020-10-19 08:58:52', '2020-10-19 08:58:52'),
(276, 13, 'https://www.nautiljon.com/lyrics/kimetsu+no+yaiba/gurenge.html', 'Demon slayer', 0, 'OPENING', 1, 'PUBLISHED', 0, '2022-01-10 13:10:44', '2020-10-19 09:01:34', '2022-01-10 13:10:44'),
(277, 13, 'tF4faMbs5oQ', 'DR STONE', 0, 'OPENING', 1, 'PUBLISHED', 0, '2022-01-11 13:24:48', '2020-10-19 09:02:56', '2022-01-11 13:24:48'),
(278, 13, 'tF4faMbs5oQ', 'Hunterxhunter', 0, 'OPENING', 1, 'PUBLISHED', 0, '2022-01-11 13:07:35', '2020-10-19 09:05:12', '2022-01-11 13:07:35'),
(279, 13, 'ELuVDnlB8PE', 'Hunter x Hunter', 0, 'ENDING', 1, 'PUBLISHED', 0, '2022-01-11 13:07:33', '2020-10-19 09:08:21', '2022-01-11 13:07:33'),
(280, 13, 'tK-d2LJlaaQ', 'Hunter x Hunter', 0, 'ENDING', 2, 'PUBLISHED', 0, '2022-01-11 13:07:31', '2020-10-19 09:09:41', '2022-01-11 13:07:31'),
(281, 13, 'lGTp4VogNaQ', 'Naruto shippuden', 0, 'OPENING', 7, 'PUBLISHED', 0, NULL, '2020-10-19 09:16:05', '2020-10-19 09:16:05'),
(282, 13, '_I1N2JFDBwU', 'naruto shippuden', 0, 'OPENING', 15, 'PUBLISHED', 0, NULL, '2020-10-19 10:25:01', '2020-10-19 10:25:01'),
(283, 13, 'kErJOepkDQk', 'One Punch Man Opening 1 - The Hero', 0, 'OPENING', 1, 'DRAFT', 0, NULL, '2020-10-19 10:28:26', '2022-01-10 12:09:56'),
(284, 13, 'OsLY7DXWsF4', 'Sword art Online', 0, 'OPENING', 1, 'PUBLISHED', 0, NULL, '2020-10-19 10:31:44', '2020-10-19 10:31:44'),
(285, 13, 'aDGbFcnx-Gc', 'Vampire Knight', 0, 'ENDING', 2, 'PUBLISHED', 0, NULL, '2020-10-20 08:59:56', '2020-10-20 08:59:56'),
(286, 13, 'uMeR2W19wT0', 'Tokyo Ghoul', 0, 'OPENING', 1, 'PUBLISHED', 0, NULL, '2020-10-20 09:05:12', '2020-10-20 09:05:12'),
(287, 13, 'KmrTuNXVrf4', 'naruto shippuden', 0, 'OPENING', 9, 'PUBLISHED', 0, NULL, '2020-10-22 08:34:14', '2020-10-22 08:34:14'),
(288, 13, 'uCbpPfnfQ7U', 'naruto shippuden', 0, 'OPENING', 16, 'PUBLISHED', 0, NULL, '2020-10-22 08:36:03', '2020-10-22 08:36:03'),
(289, 13, '0Uk1OeC7-4g', 'naruto shippuden', 0, 'OPENING', 17, 'PUBLISHED', 0, NULL, '2020-10-22 08:37:42', '2020-10-22 08:37:42'),
(290, 13, 'kmL3EuiiWXM', 'naruto shippuden', 0, 'OPENING', 4, 'PUBLISHED', 0, NULL, '2020-10-22 08:39:31', '2020-10-22 08:39:31'),
(291, 13, '97dkzVU4p-M', 'naruto shippuden', 0, 'OPENING', 6, 'PUBLISHED', 0, NULL, '2020-10-22 08:40:46', '2020-10-22 08:40:46'),
(292, 13, 'XXjgwpayNoM', 'Bleach', 0, 'OPENING', 13, 'PUBLISHED', 0, NULL, '2020-10-22 08:41:58', '2020-10-22 08:41:58'),
(293, 13, 'O38EXLKLPqE', 'Given', 0, 'OPENING', 1, 'PUBLISHED', 0, NULL, '2020-10-22 08:47:19', '2020-10-22 08:47:19'),
(294, 13, 'kk8TgkkwAoA', 'Kaichou wa maid-sama', 0, 'OPENING', 1, 'PUBLISHED', 0, NULL, '2020-10-22 09:20:54', '2020-10-22 09:20:54'),
(295, 13, 'ioIr5wZCQXo', 'Kimi ni todoke', 0, 'ENDING', 1, 'PUBLISHED', 0, NULL, '2020-10-22 09:24:43', '2020-10-22 09:24:43'),
(296, 13, 'n_niJwiqC8k', 'Tonari No Kaibutsu-kun', 0, 'OPENING', 1, 'PUBLISHED', 0, NULL, '2020-10-22 09:29:47', '2020-10-22 09:29:47'),
(297, 13, 'RpTtIgK9Pcc', 'blue spring ride', 0, 'OPENING', 1, 'PUBLISHED', 0, NULL, '2020-10-22 09:34:24', '2020-10-22 09:34:24'),
(298, 13, 'P-uhgIzHYYo', 'Demon slayer Kamado Tanjiro no Uta', 0, 'ENDING', 2, 'PUBLISHED', 0, '2022-01-10 13:12:01', '2020-10-22 09:53:52', '2022-01-10 13:12:01'),
(299, 13, 'L2uLbiIN7uo', 'Chocolat et vanilla', 0, 'OPENING', 1, 'PUBLISHED', 0, NULL, '2020-10-23 07:44:26', '2020-10-23 07:44:26'),
(300, 13, 'x8VYWazR5mE', 'YAOSOBI-The home take', 0, 'MUSIC', NULL, 'PUBLISHED', 0, NULL, '2020-10-23 08:28:15', '2020-10-23 08:28:15'),
(301, 13, '48wCQXl83-s', 'Boruto-Baton Road', 0, 'OPENING', 1, 'PUBLISHED', 0, NULL, '2020-10-23 11:58:56', '2020-10-23 11:58:56'),
(302, 13, 'XwJEFzsqNoY', 'Naruto- Kanashimi Wo Yasashisa Ni', 0, 'OPENING', 3, 'PUBLISHED', 0, NULL, '2020-10-23 12:06:49', '2020-10-23 12:06:49'),
(303, 13, 'KS9UfmCFn_Y', 'Assassination Classroom | Ansatsu Kyoushitsu', 0, 'OPENING', 1, 'PUBLISHED', 0, '2022-01-11 14:51:15', '2020-10-23 12:58:28', '2022-01-11 14:51:15'),
(304, 13, '4t__wczfpRI', 'Naruto-Rocks', 0, 'OPENING', 1, 'PUBLISHED', 0, NULL, '2020-10-23 13:05:56', '2020-10-23 13:05:56'),
(305, 13, '8QE9cmfxx4s', 'Death note-world', 0, 'OPENING', 1, 'PUBLISHED', 0, NULL, '2020-10-23 13:15:03', '2020-10-23 13:15:03'),
(306, 13, 'HFibmcuToiY', 'D-Day', 0, 'MUSIC', NULL, 'PUBLISHED', 0, NULL, '2020-11-02 15:47:22', '2020-11-02 15:47:22'),
(307, 13, 'gauw9ZvLDlI', 'george & Gang Haein - Something', 0, 'MUSIC', NULL, 'PUBLISHED', 0, NULL, '2020-11-02 15:50:20', '2020-11-02 15:50:20'),
(308, 13, 'NGs6ropAhzA', 'Tsuki no mukou no sekai', 0, 'ENDING', 1, 'PUBLISHED', 0, NULL, '2020-11-02 15:57:11', '2020-11-05 12:57:34'),
(309, 13, 'WhRsyIGN-cA', 'Bravely You', 0, 'OPENING', 1, 'PUBLISHED', 0, NULL, '2020-11-02 16:02:29', '2020-11-02 16:02:29'),
(310, 13, 'iSGCKUU044A', 'D.Gray man- INNOCENT SORROW', 0, 'OPENING', 1, 'PUBLISHED', 0, NULL, '2020-11-06 15:32:41', '2020-11-06 15:32:41'),
(311, 13, 'zoDkOJfMllw', 'D.Gray-man  : Brightdown', 0, 'OPENING', 2, 'PUBLISHED', 0, NULL, '2020-11-06 15:37:07', '2020-11-06 15:37:07'),
(312, 13, '9genmkeG5iY', 'D.Gray-man : Doubt & Trust', 0, 'OPENING', 3, 'PUBLISHED', 0, NULL, '2020-11-06 15:38:49', '2020-11-06 15:38:49'),
(313, 13, 'AVo2xm89Suw', 'D.Gray-man : Gekidou', 0, 'OPENING', 4, 'PUBLISHED', 0, NULL, '2020-11-06 15:40:51', '2020-11-06 15:40:51'),
(314, 13, 'hK1HvSKFuF8', 'D.Gray-man : Anata ga Koko ni Iru Riyuu', 0, 'OPENING', 5, 'PUBLISHED', 0, NULL, '2020-11-06 15:42:48', '2020-11-06 15:42:48'),
(315, 13, '227udKufrrM', 'Fairy tail- Snow fairy', 0, 'OPENING', 1, 'PUBLISHED', 0, NULL, '2020-11-06 15:47:10', '2020-11-06 15:47:10'),
(316, 13, 'mQHHbj_v2Es', 'Fairy tail - Sense Of Wonder', 0, 'OPENING', 2, 'PUBLISHED', 0, NULL, '2020-11-06 15:49:05', '2020-11-06 15:49:05'),
(317, 13, 'oh0QTe6YJ9Q', 'Dairy tail - ft', 0, 'OPENING', 3, 'PUBLISHED', 0, NULL, '2020-11-06 15:50:10', '2020-11-06 15:50:10'),
(318, 13, 'dqFJ4K1YOOw', 'Fairy Tail  : R.P.G.~Rockin\' Playing Game', 0, 'OPENING', 4, 'PUBLISHED', 0, NULL, '2020-11-06 15:51:42', '2020-11-06 15:51:42'),
(319, 13, 'KQNBhCHL2TY', 'Fairy tail - Egao no Mahou', 0, 'OPENING', 5, 'PUBLISHED', 0, NULL, '2020-11-06 15:53:40', '2020-11-06 15:53:40'),
(320, 13, 'hLq3yMJBkJk', 'Fairy tail - Fiesta', 0, 'OPENING', 6, 'PUBLISHED', 0, NULL, '2020-11-06 15:55:22', '2020-11-06 15:55:22'),
(321, 13, 'JsvQ4MKmUKM', 'Fairy tail - evidence', 0, 'OPENING', 7, 'PUBLISHED', 0, NULL, '2020-11-06 15:58:28', '2020-11-06 15:58:28'),
(322, 13, 'aQbn6G9Xmiw', 'Fairy tail - Rock city boy', 0, 'OPENING', 8, 'PUBLISHED', 0, NULL, '2020-11-06 15:59:41', '2020-11-06 15:59:41'),
(323, 13, 'oOGYFTUeHwI', 'Fairy Tail : Towa no Kizuna feat. Another Infinity', 0, 'OPENING', 9, 'PUBLISHED', 0, NULL, '2020-11-06 16:02:03', '2020-11-06 16:02:03'),
(324, 13, 'oLeQzqhfYJs', 'Fairy tail - I wish', 0, 'OPENING', 10, 'PUBLISHED', 0, NULL, '2020-11-06 16:03:39', '2020-11-06 16:03:39'),
(325, 13, '_IHOtHsxF6w', 'Fairy Tail  : Hajimari no Sora', 0, 'OPENING', 11, 'PUBLISHED', 0, NULL, '2020-11-06 16:04:51', '2020-11-06 16:04:51'),
(326, 13, 'gFYxgrdDfJM', 'Fairy Tail  : Tenohira', 0, 'OPENING', 12, 'PUBLISHED', 0, NULL, '2020-11-06 16:06:07', '2020-11-06 16:06:07'),
(327, 13, 'KGr45sK-F_Q', 'Fairy Tail  : Breakthrough', 0, 'OPENING', 13, 'PUBLISHED', 0, NULL, '2020-11-06 16:07:50', '2020-11-06 16:07:50'),
(328, 13, '1wdp7Ndnpxw', 'Fairy Tail  : Fairy Tail ~Yakusoku no Hi~', 0, 'OPENING', 14, 'PUBLISHED', 0, NULL, '2020-11-06 16:10:00', '2020-11-06 16:10:00'),
(329, 13, 'aqRuzjIBkxY', 'Fairy tail - MASAYUME CHASING', 0, 'OPENING', 15, 'PUBLISHED', 0, NULL, '2020-11-06 16:12:16', '2020-11-06 16:12:16'),
(330, 13, 'YuQCH4GbWv0', 'Fairy tail -STRIKE BACK', 0, 'OPENING', 16, 'PUBLISHED', 0, NULL, '2020-11-06 16:14:06', '2020-11-06 16:14:06'),
(331, 13, 'qpvkFgW109I', 'Fairy tail - Mysterious Magic', 0, 'OPENING', 17, 'PUBLISHED', 0, NULL, '2020-11-06 16:15:53', '2020-11-06 16:15:53'),
(332, 13, '6vfucB0hcbA', 'Fairy tail - Break out', 0, 'OPENING', 18, 'PUBLISHED', 0, NULL, '2020-11-06 16:17:45', '2020-11-06 16:17:45'),
(333, 13, '4WaiLBHWi4s', 'Fairy tail -  Yumeiro Graffiti', 0, 'OPENING', 19, 'PUBLISHED', 0, NULL, '2020-11-06 16:19:29', '2020-11-06 16:19:29'),
(334, 13, 'ocmdtP2ZLDk', 'Fairy tail - NEVER-END TALE', 0, 'OPENING', 20, 'PUBLISHED', 0, NULL, '2020-11-06 16:21:13', '2020-11-06 16:21:13'),
(335, 13, 'https://www.nautiljon.com/lyrics/fairy+tail+(2014)/believe+in+myself.html', 'Fairy Tail : Believe in Myself', 0, 'OPENING', 21, 'PUBLISHED', 0, NULL, '2020-11-06 16:24:39', '2020-11-06 16:24:39'),
(336, 13, 'YAi8K_5pHWA', 'Fairy Tail : DOWN BY LAW', 0, 'OPENING', 24, 'PUBLISHED', 0, NULL, '2020-11-06 16:27:36', '2020-11-06 16:27:36'),
(337, 13, 'oeqvhwjYBws', 'Bleach  : D-tecnoLife', 0, 'OPENING', 2, 'PUBLISHED', 0, NULL, '2020-11-09 13:56:07', '2020-11-09 13:56:07'),
(338, 13, 'r15yXAZ32Fg', 'Bleach  : Rolling star', 0, 'OPENING', 5, 'PUBLISHED', 0, NULL, '2020-11-09 13:58:39', '2020-11-09 13:58:39'),
(339, 13, 'E-ejE--Q3UE', 'Bleach : HARUKAZE', 0, 'OPENING', 15, 'PUBLISHED', 0, NULL, '2020-11-09 14:05:26', '2020-11-09 14:05:26'),
(340, 13, 's7Jw11o9hrk', 'Bleach  : MOVIN!!', 0, 'ENDING', 8, 'PUBLISHED', 0, NULL, '2020-11-09 14:09:15', '2020-11-09 14:09:15'),
(341, 13, 'KjMuG0KgKJE', 'Bleach : Tsumasaki', 0, 'ENDING', 11, 'PUBLISHED', 0, NULL, '2020-11-09 14:13:15', '2020-11-09 14:13:15'),
(342, 13, 'xjBTNbEXbAA', 'Naruto : GO!!', 0, 'OPENING', 4, 'PUBLISHED', 0, NULL, '2020-11-09 14:28:26', '2020-11-09 14:28:26'),
(343, 13, 'lilv4MvBY6E', 'Naruto : Seishun Kyousoukyoku', 0, 'OPENING', 5, 'PUBLISHED', 0, NULL, '2020-11-09 14:30:59', '2020-11-09 14:30:59'),
(344, 13, 'pWyoHrMzAZQ', 'Naruto: No Boy No Cry', 0, 'OPENING', 6, 'PUBLISHED', 0, NULL, '2020-11-09 14:33:53', '2020-11-09 14:33:53'),
(345, 13, 'pY15k20Hqq0', 'Naruto : Namikaze Satellite', 0, 'OPENING', 7, 'PUBLISHED', 0, NULL, '2020-11-09 14:37:13', '2020-11-09 14:37:13'),
(346, 13, 'yB2g22359Fg', 'Naruto : Re:member', 0, 'OPENING', 8, 'PUBLISHED', 0, NULL, '2020-11-09 14:39:38', '2020-11-09 14:39:38'),
(347, 13, '-m8kR0FQ7Wk', 'Naruto : Yura Yura', 0, 'OPENING', 9, 'PUBLISHED', 0, NULL, '2020-11-09 14:42:20', '2020-11-09 14:42:20'),
(348, 13, 'Oyhpwyrq1N0', 'Naruto- Wind', 0, 'ENDING', 1, 'PUBLISHED', 0, NULL, '2020-11-10 15:19:21', '2020-11-10 15:19:21'),
(349, 13, 'VTIK1gBhzXk', 'Naruto- Harmonia', 0, 'ENDING', 2, 'PUBLISHED', 0, NULL, '2020-11-10 15:20:49', '2020-11-10 15:20:49'),
(350, 13, 'pZaRs2bvy4U', 'Naruto japanese side', 0, 'ENDING', 3, 'PUBLISHED', 0, NULL, '2020-11-10 15:22:44', '2020-11-10 15:22:44'),
(351, 13, 'jw6Rvy39_gc', 'Naruto Alive', 0, 'ENDING', 4, 'PUBLISHED', 0, NULL, '2020-11-10 15:24:00', '2020-11-10 15:24:00'),
(352, 13, 'ZKd5C6w7UvA', 'Naruto: Ima Made Nando mo', 0, 'ENDING', 5, 'PUBLISHED', 0, NULL, '2020-11-10 15:25:42', '2020-11-10 15:25:42'),
(353, 13, '5z5-Ly_VbXk', 'Naruto- Ryuusei', 0, 'ENDING', 6, 'PUBLISHED', 0, NULL, '2020-11-10 15:27:25', '2020-11-10 15:27:25'),
(354, 13, '_kjd_3viXu0', 'Naruto- Mountain A Go Go Two', 0, 'ENDING', 7, 'PUBLISHED', 0, NULL, '2020-11-10 15:28:29', '2020-11-10 15:28:29'),
(355, 13, 's2rCblHEYZs', 'Naruto : Hajimete Kimi to Shabetta', 0, 'ENDING', 8, 'PUBLISHED', 0, NULL, '2020-11-10 15:29:49', '2020-11-10 15:29:49'),
(356, 13, 'TPYBJUT3XNw', 'Naruto- Nakushita Kotoba', 0, 'ENDING', 9, 'PUBLISHED', 0, NULL, '2020-11-10 15:31:17', '2020-11-10 15:31:17'),
(357, 13, 'A7pi4-Et5lY', 'Naruto - speed', 0, 'ENDING', 10, 'PUBLISHED', 0, NULL, '2020-11-10 15:32:52', '2020-11-10 15:32:52'),
(358, 13, 'b5DOukHM3WE', 'Naruto - Soba ni Iru Kara', 0, 'ENDING', 11, 'PUBLISHED', 0, NULL, '2020-11-10 15:34:30', '2020-11-10 15:34:30'),
(359, 13, 'xfI6B1Auh-k', 'Naruto - parade', 0, 'ENDING', 12, 'PUBLISHED', 0, NULL, '2020-11-10 15:35:55', '2020-11-10 15:35:55'),
(360, 13, 'xPNyvbkrFbY', 'Naruto- Yellow moon', 0, 'ENDING', 13, 'PUBLISHED', 0, NULL, '2020-11-10 15:38:02', '2020-11-10 15:38:02'),
(361, 13, '0gUrP6onHr8', 'Naruto - Pinocchio', 0, 'ENDING', 14, 'PUBLISHED', 0, NULL, '2020-11-10 15:39:11', '2020-11-10 15:39:11'),
(362, 13, 'j65Koam6avI', 'Naruto - Scénario', 0, 'ENDING', 15, 'PUBLISHED', 0, NULL, '2020-11-10 15:40:43', '2020-11-10 15:40:43'),
(363, 13, 'SjIXE-YWMHM', 'Kindaichi Shounen no Jikenbo  : CONFUSED MEMORIES', 0, 'OPENING', 1, 'PUBLISHED', 0, NULL, '2020-11-10 15:46:35', '2020-11-10 15:46:35'),
(364, 13, 'pw86oy4LFoc', 'Kindaichi Shounen no Jikenbo : meet again', 0, 'ENDING', 2, 'PUBLISHED', 0, NULL, '2020-11-10 15:48:06', '2020-11-10 15:48:06'),
(365, 13, 'AvBhJw1ZZdo', 'Kindaichi Shounen no Jikenbo : Kimi ga Iru Kara', 0, 'OPENING', 3, 'PUBLISHED', 0, NULL, '2020-11-10 15:49:43', '2020-11-10 15:49:43'),
(366, 13, 'TE5cWjN3fdk', 'Kindaichi Shounen no Jikenbo : BRAVE', 0, 'OPENING', 4, 'PUBLISHED', 0, NULL, '2020-11-10 15:52:05', '2020-11-10 15:52:05'),
(367, 13, 'p0RAE_erKUs', 'Kindaichi Shounen no Jikenbo : Justice ~Future Mystery', 0, 'OPENING', 5, 'PUBLISHED', 0, NULL, '2020-11-10 15:53:42', '2020-11-10 15:53:42'),
(368, 13, 'bKztQq7ZulQ', 'ModifierKindaichi Shounen no Jikenbo : Why', 0, 'OPENING', 6, 'PUBLISHED', 0, NULL, '2020-11-10 15:55:12', '2020-11-10 15:55:12'),
(369, 13, 'tYTdJTEzGH8', 'Kindaichi Shounen no Jikenbo : Never Say Why, Never Say No', 0, 'OPENING', 7, 'PUBLISHED', 0, NULL, '2020-11-10 15:56:29', '2020-11-10 15:56:29'),
(370, 13, 'WSm4kpAxc4s', 'Kindaichi Shounen no Jikenbo : Yonjuushi', 0, 'OPENING', 1, 'PUBLISHED', 0, NULL, '2020-11-10 15:59:43', '2020-11-10 15:59:43'),
(371, 13, 'vCwbniMDCS4', 'Boruto- Over', 0, 'OPENING', 2, 'PUBLISHED', 0, NULL, '2020-11-12 10:31:14', '2020-11-12 10:31:14'),
(372, 13, 'FBX11V6yObw', 'Boruto - it\'s all in the game', 0, 'OPENING', 3, 'PUBLISHED', 0, NULL, '2020-11-12 10:32:40', '2020-11-12 10:32:40'),
(373, 13, 'P4Z2EcYGYUI', 'Lonely go', 0, 'OPENING', 4, 'PUBLISHED', 0, NULL, '2020-11-12 10:33:59', '2020-11-12 10:33:59'),
(374, 13, 'hXpnnYQmCpY', 'Boruto - Golden time', 0, 'OPENING', 5, 'PUBLISHED', 0, NULL, '2020-11-12 10:35:50', '2020-11-12 10:35:50'),
(375, 13, '2NHtjk-1bpQ', 'Boruto - Teenage dream', 0, 'OPENING', 6, 'PUBLISHED', 0, NULL, '2020-11-12 10:37:13', '2020-11-12 10:37:13'),
(376, 13, 'BoGkY5DeAvU', 'Boruto - Hajimatte Iku Takamatte Iku', 0, 'OPENING', 7, 'PUBLISHED', 0, NULL, '2020-11-12 10:38:53', '2020-11-12 10:38:53'),
(377, 13, 'Tyr7Ymbtl2Y', 'One piece - Brand new world', 0, 'OPENING', 6, 'PUBLISHED', 0, NULL, '2020-11-12 10:42:26', '2020-11-12 10:42:26'),
(378, 13, 'dTa_n-5esf8', 'One piece - Crazy rainbow', 0, 'OPENING', 8, 'PUBLISHED', 0, NULL, '2020-11-12 10:44:02', '2020-11-12 10:44:02'),
(379, 13, 'NsjzqNrXtE0', 'One piece - Jungle P', 0, 'OPENING', 9, 'PUBLISHED', 0, NULL, '2020-11-12 10:45:33', '2020-11-12 10:45:33'),
(380, 13, 'IOIsNduxlxA', 'One piece - share the world', 0, 'OPENING', 11, 'PUBLISHED', 0, NULL, '2020-11-12 10:46:47', '2020-11-12 10:46:47'),
(381, 13, 'eS0hCgXMnT4', 'One piece - Kaze wo Sagashite', 0, 'OPENING', 12, 'PUBLISHED', 0, NULL, '2020-11-12 10:48:56', '2020-11-12 10:48:56'),
(382, 13, 'hJgJTTIbMDI', 'One piece - one day', 0, 'OPENING', 13, 'PUBLISHED', 0, NULL, '2020-11-12 10:50:41', '2020-11-12 10:50:41'),
(383, 13, 'z7QgUzPHkBA', 'One piece - fight together', 0, 'OPENING', 14, 'PUBLISHED', 0, NULL, '2020-11-12 10:51:58', '2020-11-12 10:51:58'),
(384, 13, 'fCQufN8Wsgc', 'One piece - we go', 0, 'OPENING', 15, 'PUBLISHED', 0, NULL, '2020-11-12 10:53:55', '2020-11-12 10:53:55'),
(385, 13, 'cZsj0dTTmy8', 'One piece - hands up', 0, 'OPENING', 16, 'PUBLISHED', 0, NULL, '2020-11-12 10:54:56', '2020-11-12 10:54:56'),
(386, 13, 'hBhPy2THVh8', 'One piece - wake up', 0, 'OPENING', 17, 'PUBLISHED', 0, NULL, '2020-11-12 10:56:07', '2020-11-12 10:56:07'),
(387, 13, 'wwCDFIuT6AY', 'One piece - hard knock days', 0, 'OPENING', 18, 'PUBLISHED', 0, NULL, '2020-11-12 10:57:47', '2020-11-12 10:57:47'),
(388, 13, '6N5PM0iqSDA', 'One piece - we can', 0, 'OPENING', 19, 'PUBLISHED', 0, NULL, '2020-11-12 10:58:35', '2020-11-12 10:58:35');
INSERT INTO `videos` (`id`, `user_id`, `ytid`, `title`, `is_featured`, `type`, `number`, `status`, `view_count`, `deleted_at`, `created_at`, `updated_at`) VALUES
(389, 13, 'Oo52vQyAR6w', 'One piece -  hope', 0, 'OPENING', 20, 'PUBLISHED', 0, NULL, '2020-11-12 10:59:47', '2020-11-12 10:59:47'),
(390, 13, 't7xHamn5inQ', 'One piece - super powers', 0, 'OPENING', 21, 'PUBLISHED', 0, NULL, '2020-11-12 11:01:22', '2020-11-12 11:01:22'),
(391, 13, 'PwVT67T5Xt4', 'One piece - over the top', 0, 'OPENING', 22, 'PUBLISHED', 0, NULL, '2020-11-12 11:02:08', '2020-11-12 11:02:08'),
(392, 13, 'ru4bd6YyZY4', 'One piece - dreamin\'on', 0, 'OPENING', 23, 'PUBLISHED', 0, NULL, '2020-11-12 11:03:46', '2020-11-12 11:03:46'),
(393, 13, '5dG6us_PmIA', 'one piece - memories', 0, 'ENDING', 1, 'PUBLISHED', 0, NULL, '2020-11-12 11:06:17', '2020-11-12 11:06:17'),
(394, 13, 'HQUzBAgrXVQ', 'one piece - RUN RUN RUN', 0, 'ENDING', 2, 'PUBLISHED', 0, NULL, '2020-11-12 11:07:05', '2020-11-12 11:07:05'),
(395, 13, 'zqgTcab6UJQ', 'One Piece : Watashi ga Iru yo', 0, 'ENDING', 3, 'PUBLISHED', 0, NULL, '2020-11-12 11:08:17', '2020-11-12 11:08:17'),
(396, 13, '9kvOt9uLlaY', 'One piece - shouchi no suke', 0, 'ENDING', 4, 'PUBLISHED', 0, NULL, '2020-11-12 11:10:13', '2020-11-12 11:10:13'),
(397, 13, 'teQaUgIYdaE', 'One piece - before dawn', 0, 'ENDING', 5, 'PUBLISHED', 0, NULL, '2020-11-12 11:11:37', '2020-11-12 11:11:37'),
(398, 13, 'vRFJNVi_Lpc', 'One piece - fish', 0, 'ENDING', 6, 'PUBLISHED', 0, NULL, '2020-11-12 11:13:10', '2020-11-12 11:13:10'),
(399, 13, 'z98SWJO6DCY', 'One Piece : GLORY -Kimi ga Iru Kara', 0, 'ENDING', 7, 'PUBLISHED', 0, NULL, '2020-11-12 11:17:34', '2020-11-12 11:17:34'),
(400, 13, '9cY0EasomoA', 'One piece - shining ray', 0, 'ENDING', 8, 'PUBLISHED', 0, NULL, '2020-11-12 11:19:38', '2020-11-12 11:19:38'),
(401, 13, 'CVBVW6gWXnA', 'One piece - free will', 0, 'ENDING', 9, 'PUBLISHED', 0, NULL, '2020-11-12 11:21:54', '2020-11-12 11:21:54'),
(402, 13, 'phPdJyLnXuc', 'One piece - faith', 0, 'ENDING', 10, 'PUBLISHED', 0, NULL, '2020-11-12 11:24:14', '2020-11-12 11:24:14'),
(403, 13, 'CNQv2Hj3lUA', 'One piece - A to Z', 0, 'ENDING', 11, 'PUBLISHED', 0, NULL, '2020-11-12 11:25:36', '2020-11-12 11:25:36'),
(404, 13, 'O8T2u83GIiI', 'Sword art online - innoncence', 0, 'OPENING', 2, 'PUBLISHED', 0, NULL, '2020-11-12 11:38:07', '2020-11-12 11:38:07'),
(405, 13, 'iUw9MfmVy7A', 'Sword Art Online : separate ways', 0, 'OPENING', 3, 'PUBLISHED', 0, NULL, '2020-11-12 11:39:36', '2020-11-12 11:39:36'),
(406, 13, 'JWIlePu_XV4', 'BTOOOM- no pain no game', 0, 'OPENING', 1, 'PUBLISHED', 0, NULL, '2020-11-12 11:43:22', '2020-11-12 11:43:22'),
(407, 13, 'FgxYxgXQrak', 'BTOOOM- exist', 0, 'OPENING', 2, 'PUBLISHED', 0, NULL, '2020-11-12 11:44:23', '2020-11-12 11:44:23'),
(408, 13, 'https://www.nautiljon.com/animes/deadman+wonderland.html', 'Deadman wanderland - one reason', 0, 'OPENING', 1, 'PUBLISHED', 0, NULL, '2020-11-12 11:47:39', '2020-11-12 11:47:39'),
(409, 13, 'WrzpLdU7eWU', 'Kuroko no Basket : Punky Funky Love', 0, 'OPENING', 1, 'PUBLISHED', 0, NULL, '2020-11-12 11:57:55', '2020-11-12 11:57:55'),
(410, 13, '833F3rQr9lg', 'Kuroko no Basket : ZERO', 0, 'OPENING', 2, 'PUBLISHED', 0, NULL, '2020-11-12 11:59:55', '2020-11-12 11:59:55'),
(411, 13, 'BtW2nRwfk_0', 'Kuroko no Basket : Memories', 0, 'OPENING', 3, 'PUBLISHED', 0, NULL, '2020-11-12 12:01:30', '2020-11-12 12:01:30'),
(412, 13, 'tUM-NJYcGX0', 'Buzzer Beater : Home', 0, 'OPENING', 1, 'PUBLISHED', 0, NULL, '2020-11-12 12:09:05', '2020-11-12 12:09:05'),
(413, 13, 'ePn_MemvARE', 'Nanatsu no taizai- seven', 0, 'ENDING', 1, 'PUBLISHED', 0, NULL, '2020-11-19 14:24:38', '2020-11-19 14:25:06'),
(414, 13, 'MuPFOVRntAw', 'Nanatsu no taizai- Season', 0, 'ENDING', 2, 'PUBLISHED', 0, NULL, '2020-11-19 14:26:46', '2020-11-19 14:26:46'),
(415, 13, 'CpDyF4pkbAs', 'Luna Haruna - Overfly', 0, 'MUSIC', NULL, 'PUBLISHED', 0, NULL, '2021-01-29 14:04:16', '2021-01-29 14:04:16'),
(416, 13, 'hAJM3DatBJY', 'Eir Aoi - INNOCENCE', 0, 'MUSIC', 2, 'PUBLISHED', 0, NULL, '2021-01-29 14:08:05', '2021-01-29 14:08:05'),
(417, 13, 'ePuy539e7lk', 'Luna Haruna - Ai Wo Utae', 0, 'MUSIC', 1, 'PUBLISHED', 0, NULL, '2021-01-29 14:14:55', '2021-01-29 14:14:55'),
(418, 13, 'MN_Ah8SHTB8', 'Food wars- Kyokyo Jitsujitsu', 0, 'ENDING', 1, 'PUBLISHED', 0, NULL, '2021-01-29 20:29:01', '2021-01-29 20:29:01'),
(419, 13, 'AMo1otsa9iU', 'Food wars - Kyokyo Jitsujitsu v2', 0, 'ENDING', 2, 'PUBLISHED', 0, NULL, '2021-01-29 20:30:11', '2021-01-29 20:30:11'),
(420, 13, 'v8bZVdTgXoY', 'ModifierJujutsu Kaisen : Kaikai Kitan', 0, 'OPENING', 1, 'PUBLISHED', 0, NULL, '2021-01-29 20:36:45', '2021-01-29 20:36:45'),
(421, 13, 'AWEm4tA2hMc', 'Jujutsu Kaisen  : LOST IN PARADISE', 0, 'ENDING', 1, 'PUBLISHED', 0, NULL, '2021-01-29 20:38:40', '2021-01-29 20:38:40'),
(422, 13, 'fBC-ZCH_htA', 'Bungou Stray Dogs  : Setsuna no Ai', 0, 'OPENING', 1, 'PUBLISHED', 0, NULL, '2021-01-29 20:43:13', '2021-01-29 20:43:13'),
(423, 13, 'LvZu88Sn1g8', 'Bungou Stray Dogs : Lily', 0, 'ENDING', 1, 'PUBLISHED', 0, NULL, '2021-01-29 20:45:29', '2021-01-29 20:45:29'),
(424, 13, 'UjjTMNDZi-A', 'Death Parade  : Flyers', 0, 'OPENING', 1, 'PUBLISHED', 0, NULL, '2021-01-29 20:49:55', '2021-01-29 20:49:55'),
(425, 13, 'l-psxR3CjLA', 'Death Parade  : Last Theater', 0, 'ENDING', 1, 'PUBLISHED', 0, NULL, '2021-01-29 20:51:26', '2021-01-29 20:51:26'),
(426, 13, 'ji9BD3ESMqg', 'Akame ga KILL! : Skyreach', 0, 'OPENING', 1, 'PUBLISHED', 0, NULL, '2021-01-29 20:56:48', '2021-01-29 20:56:48'),
(427, 13, 'mAzFWd5WqOg', 'Akame ga KILL! : Liar Mask', 0, 'OPENING', 2, 'PUBLISHED', 0, NULL, '2021-01-29 20:58:14', '2021-01-29 20:58:14'),
(428, 13, 'iDhY5BM7BlQ', 'Akame ga KILL! : Konna Sekai, Shiritakunakatta', 0, 'ENDING', 1, 'PUBLISHED', 0, NULL, '2021-01-29 21:00:28', '2021-01-29 21:00:28'),
(429, 13, 'mGclLUQiqH8', 'Akame ga KILL! : Tsuki Akar', 0, 'ENDING', 2, 'PUBLISHED', 0, NULL, '2021-01-29 21:01:46', '2021-01-29 21:01:46'),
(430, 13, 'fodAJ-1dN3I', 'Boku dake ga Inai Machi : Re:Re', 0, 'OPENING', 1, 'PUBLISHED', 0, NULL, '2021-01-29 21:06:42', '2021-01-29 21:06:42'),
(431, 13, 'Od9NQbyNpwE', 'Boku dake ga Inai Machi : Sore wa Chiisana Hikari no You na', 0, 'ENDING', 1, 'PUBLISHED', 0, NULL, '2021-01-29 21:09:37', '2021-01-29 21:09:37'),
(432, 13, 'zzJ8U8OtEsE', 'Soul Eater : resonance', 0, 'OPENING', 1, 'PUBLISHED', 0, NULL, '2021-01-29 21:13:47', '2021-01-29 21:13:47'),
(433, 13, '-eYK3YP524A', 'Soul Eater : PAPERMOON', 0, 'OPENING', 2, 'PUBLISHED', 0, NULL, '2021-01-29 21:14:52', '2021-01-29 21:14:52'),
(434, 13, 'C_y09j8KPA8', 'Soul Eater  : I Wanna Be', 0, 'ENDING', 1, 'PUBLISHED', 0, NULL, '2021-01-29 21:15:56', '2021-01-29 21:15:56'),
(435, 13, 'AefEZWOWMeY', 'Soul Eater : Style', 0, 'ENDING', 2, 'PUBLISHED', 0, NULL, '2021-01-29 21:17:00', '2021-01-29 21:17:00'),
(436, 13, '6W1ajuerl6o', 'Soul Eater : Bakusou Yume Uta', 0, 'ENDING', 3, 'PUBLISHED', 0, NULL, '2021-01-29 21:18:12', '2021-01-29 21:18:12'),
(437, 13, 'ue4_x0QBdok', 'Soul Eater : STRENGTH', 0, 'ENDING', 4, 'PUBLISHED', 0, NULL, '2021-01-29 21:19:19', '2021-01-29 21:19:19'),
(438, 13, '9S50a4rStNA', 'Hajime no Ippo  : Under Star', 0, 'OPENING', 1, 'PUBLISHED', 0, NULL, '2021-01-29 21:25:17', '2021-01-29 21:25:17'),
(439, 13, 'Ap0zJeeqB6k', 'Hajime no Ippo  : Inner light', 0, 'OPENING', 2, 'PUBLISHED', 0, NULL, '2021-01-29 21:26:36', '2021-01-29 21:26:36'),
(440, 13, '0vbuobfmBgE', 'Hajime no Ippo  : TUMBLING DICE', 0, 'OPENING', 3, 'PUBLISHED', 0, NULL, '2021-01-29 21:27:38', '2021-01-29 21:27:38'),
(441, 13, 'rapewtS7bcE', 'Hajime no Ippo  : Yuuzora no Kamihikouki', 0, 'ENDING', 1, 'PUBLISHED', 0, NULL, '2021-01-29 21:29:19', '2021-01-29 21:29:19'),
(442, 13, 'XUVedD2NpJs', 'Hajime no Ippo : 360°', 0, 'ENDING', 2, 'PUBLISHED', 0, NULL, '2021-01-29 21:30:15', '2021-01-29 21:30:15'),
(443, 13, 'JYntzDOe1BM', 'Hajime no Ippo : Eternal Loop', 0, 'ENDING', 3, 'PUBLISHED', 0, NULL, '2021-01-29 21:31:36', '2021-01-29 21:31:36'),
(444, 17, '11uUb2hN4Cw', 'Gintama - Dilemma', 0, 'OPENING', 10, 'PUBLISHED', 0, '2022-01-11 12:53:54', '2021-02-12 15:02:13', '2022-01-11 12:53:54'),
(445, 17, '-5M4lbEpn6c', 'Kaibutsu', 0, 'OPENING', 2, 'PUBLISHED', 0, NULL, '2021-02-12 15:11:20', '2021-02-12 15:11:20'),
(446, 13, 'akM53Bs58Bw', 'Sei no Kakuritsu : Let Me Hear', 0, 'OPENING', 1, 'PUBLISHED', 0, NULL, '2021-02-25 11:36:23', '2021-02-25 11:36:23'),
(447, 13, 'EVndDcpk1A0', 'Parasite :  IT\'S THE RIGHT TIME', 0, 'ENDING', 1, 'PUBLISHED', 0, NULL, '2021-02-25 11:41:00', '2021-02-25 11:41:00'),
(448, 13, '5diaZzBr4_M', 'Psycho-Pass : abnormalize', 0, 'OPENING', 1, 'PUBLISHED', 0, NULL, '2021-02-25 11:53:02', '2021-02-25 11:53:02'),
(449, 13, '9StfX1p9LuY', 'Psycho-Pass : Out of Control', 0, 'OPENING', 2, 'PUBLISHED', 0, NULL, '2021-02-25 11:57:21', '2021-02-25 11:57:21'),
(450, 13, 'sF0QLtk3YH0', 'Psycho-Pass : Namae no Nai Kaibutsu', 0, 'ENDING', 1, 'PUBLISHED', 0, NULL, '2021-02-25 12:00:33', '2021-02-25 12:00:33'),
(451, 13, 'mWCWLYM7ieM', 'Psycho-Pass  : All Alone With You', 0, 'ENDING', 2, 'PUBLISHED', 0, NULL, '2021-02-25 12:02:50', '2021-02-25 12:02:50'),
(452, 13, '3FX-0Z9pdgw', 'Carole & Tuesday : Kiss Me', 0, 'OPENING', 1, 'PUBLISHED', 0, NULL, '2021-02-25 12:17:52', '2021-02-25 12:17:52'),
(453, 13, '7PTxabyLapw', 'Polly Jean', 0, 'OPENING', 2, 'PUBLISHED', 0, NULL, '2021-02-25 12:19:09', '2022-01-12 15:11:19'),
(454, 13, 'sUs8KcN4ow0', 'Hold Me Now', 0, 'ENDING', 1, 'PUBLISHED', 0, NULL, '2021-02-25 12:20:51', '2022-01-12 15:11:03'),
(455, 13, 'N_2kdKiMCPM', 'Not Afraid', 0, 'ENDING', 2, 'PUBLISHED', 0, NULL, '2021-02-25 12:31:04', '2022-01-12 15:10:56'),
(456, 13, 'ehrygFEP2OI', 'Endless', 0, 'ENDING', 3, 'PUBLISHED', 0, NULL, '2021-02-25 12:33:55', '2022-01-12 15:06:12'),
(457, 19, 'IITmpUAl_sM', 'Death Note - Opening 3', 0, 'OPENING', 3, 'DRAFT', 0, '2022-01-10 09:48:05', '2022-01-10 09:43:49', '2022-01-10 09:48:05'),
(458, 19, 'CJAF-1TAM7g', 'Initial D First Stage', 0, 'OPENING', 1, 'PUBLISHED', 0, NULL, '2022-01-10 10:12:53', '2022-01-12 15:10:37'),
(459, 19, '8z6s60MQh9o', 'Initial D Second Stage', 0, 'OPENING', 2, 'PUBLISHED', 0, NULL, '2022-01-10 10:15:06', '2022-01-12 15:10:27'),
(460, 19, 'fodAJ-1dN3I', ':Re:Re', 0, 'OPENING', 1, 'PUBLISHED', 0, NULL, '2022-01-10 10:25:34', '2022-01-12 15:10:15'),
(461, 19, 'Hi7NrTs0Wg8', 'Breakthrough', 0, 'OPENING', 1, 'PUBLISHED', 0, NULL, '2022-01-10 10:30:37', '2022-01-12 15:09:57'),
(462, 19, 'pa3pW2bUlyc', 'Pegasus Fantasy', 0, 'OPENING', 1, 'PUBLISHED', 0, NULL, '2022-01-10 10:41:17', '2022-01-12 15:09:42'),
(463, 19, 'Qbu3zF2XiJ0', 'Hoshi Yori Saki ni Mitsukete Ageru', 0, 'ENDING', 1, 'PUBLISHED', 0, NULL, '2022-01-10 12:16:11', '2022-01-12 15:08:48'),
(464, 19, 'R94KxPsXRCY', 'Maji de Kansha', 0, 'OPENING', 2, 'PUBLISHED', 0, NULL, '2022-01-10 12:20:41', '2022-01-12 15:08:38'),
(465, 19, '6CBp4qylX6I', 'This Game', 0, 'OPENING', 1, 'PUBLISHED', 0, NULL, '2022-01-10 12:27:29', '2022-01-12 15:08:26'),
(466, 19, 'kupW7eDG48s', 'Kyoumu Densen', 0, 'OPENING', 1, 'PUBLISHED', 0, NULL, '2022-01-10 12:33:23', '2022-01-12 15:08:17'),
(467, 19, '2qbHikwRimU', 'Cry Baby', 0, 'OPENING', 1, 'PUBLISHED', 0, NULL, '2022-01-10 12:40:18', '2022-01-12 15:08:07'),
(468, 19, 'AUS2Np9LBDM', 'Koko de Iki wo Shite', 0, 'ENDING', 1, 'PUBLISHED', 0, NULL, '2022-01-10 12:42:42', '2022-01-12 15:07:54'),
(469, 19, '8EVUrD1etHs', 'Tokyo Wonder.', 0, 'ENDING', 2, 'PUBLISHED', 0, NULL, '2022-01-10 12:44:50', '2022-01-12 15:07:45'),
(470, 19, 'pdwFVuhzMJA', 'BOY', 0, 'OPENING', 1, 'PUBLISHED', 0, NULL, '2022-01-10 12:49:37', '2022-01-12 15:07:34'),
(471, 19, 'T2C4kwwmZno', 'Hadaka no Yuusha', 0, 'OPENING', 2, 'PUBLISHED', 0, NULL, '2022-01-10 12:51:24', '2022-01-12 15:07:24'),
(472, 19, 'yu0HjPzFYnY', 'The Day', 0, 'OPENING', 1, 'PUBLISHED', 0, NULL, '2022-01-10 12:57:39', '2022-01-12 15:07:14'),
(473, 19, 'fgMuOlhLtEQ', 'HEROES', 0, 'ENDING', 1, 'PUBLISHED', 0, NULL, '2022-01-10 12:59:39', '2022-01-12 15:07:04'),
(474, 19, 'iQGAPewPH1s', 'Peace Sign', 0, 'OPENING', 2, 'PUBLISHED', 0, NULL, '2022-01-10 13:01:25', '2022-01-12 15:06:56'),
(475, 19, 'l2j1qM7gx54', 'Sora ni Utaeba', 0, 'OPENING', 2, 'PUBLISHED', 0, NULL, '2022-01-10 13:03:32', '2022-01-12 15:06:47'),
(476, 19, 'LZFvZG8K97s', 'EVERBLUE', 0, 'OPENING', 1, 'PUBLISHED', 0, NULL, '2022-01-10 13:07:36', '2022-01-12 15:06:36'),
(477, 19, 'jiJu4K2jems', 'Gurenge', 0, 'OPENING', 1, 'PUBLISHED', 0, NULL, '2022-01-10 13:14:19', '2022-01-12 15:05:46'),
(478, 19, 'kGGn_w95WIQ', 'From the edge', 0, 'ENDING', 1, 'PUBLISHED', 0, NULL, '2022-01-10 13:33:15', '2022-01-12 15:05:38'),
(479, 19, '0MPq9QGUBa4', 'Zankyou Zanka', 0, 'OPENING', 3, 'PUBLISHED', 0, NULL, '2022-01-10 13:39:34', '2022-01-12 15:05:27'),
(480, 19, 'G8CFuZ9MseQ', 'COLORS', 0, 'OPENING', 1, 'PUBLISHED', 0, NULL, '2022-01-10 13:44:00', '2022-01-12 15:05:11'),
(481, 19, '6r5Fsq7cK9w', 'Code Geass - 0', 0, 'OST', 2, 'PUBLISHED', 0, NULL, '2022-01-10 13:52:22', '2022-01-10 13:53:32'),
(482, 19, '1AVRq6KPxF4', 'Code Geass - Previos Notice', 0, 'OST', 3, 'PUBLISHED', 0, NULL, '2022-01-10 13:54:39', '2022-01-10 13:54:39'),
(483, 19, 'qvCLdJQfuJY', 'Code geass : The Knight', 0, 'OST', 4, 'PUBLISHED', 0, NULL, '2022-01-10 13:56:20', '2022-01-10 14:07:01'),
(484, 19, 'gbdCM5V3Rik', 'Code Geass - Overwriting', 0, 'OST', 4, 'PUBLISHED', 0, NULL, '2022-01-10 13:57:44', '2022-01-10 13:57:44'),
(485, 19, 'zW1v0QBqTOs', 'Haruka Mirai', 0, 'OPENING', 1, 'PUBLISHED', 0, NULL, '2022-01-11 12:26:09', '2022-01-12 15:04:58'),
(486, 19, 'e_tjkZ8GzFQ', 'PAiNT it BLACK', 0, 'OPENING', 2, 'PUBLISHED', 0, NULL, '2022-01-11 12:28:06', '2022-01-12 15:04:48'),
(487, 19, 'dsK8SsfqdHE', 'Black Rover', 0, 'OPENING', 3, 'PUBLISHED', 0, NULL, '2022-01-11 12:30:11', '2022-01-12 15:04:37'),
(488, 19, 'Hyc6FokiSAE', 'Aoi Honoo', 0, 'ENDING', 1, 'PUBLISHED', 0, NULL, '2022-01-11 12:31:46', '2022-01-12 15:04:26'),
(489, 19, 'Lw8puAiAWpo', 'Amazing Dreams', 0, 'ENDING', 2, 'PUBLISHED', 0, NULL, '2022-01-11 12:33:36', '2022-01-12 15:03:52'),
(490, 19, '1U58kQLrbF4', 'Black to the dreamlight', 0, 'ENDING', 3, 'PUBLISHED', 0, NULL, '2022-01-11 12:35:08', '2022-01-12 15:03:43'),
(491, 19, 'cK9Z9Zcuso0', 'Guess Who Is Back', 0, 'OPENING', 4, 'PUBLISHED', 0, NULL, '2022-01-11 12:37:38', '2022-01-12 15:03:32'),
(492, 19, 'JOGp2c7-cKc', 'Imagination', 0, 'OPENING', 1, 'PUBLISHED', 0, NULL, '2022-01-11 12:45:28', '2022-01-12 15:03:23'),
(493, 19, '5cwL3Ml8LEg', 'Ah Yeah!!', 0, 'OPENING', 2, 'PUBLISHED', 0, NULL, '2022-01-11 12:47:08', '2022-01-12 15:03:14'),
(494, 19, 'https://www.dailymotion.com/video/x6384qq', 'Tenchi Gaeshi', 0, 'ENDING', 1, 'PUBLISHED', 0, NULL, '2022-01-11 12:48:44', '2022-01-12 15:03:03'),
(495, 19, 'zA3ngjYKCIM', 'LEO', 0, 'ENDING', 2, 'PUBLISHED', 0, NULL, '2022-01-11 12:49:55', '2022-01-12 15:02:43'),
(496, 19, '6Q6ICS3Vc0g', 'Pray', 0, 'OPENING', 1, 'PUBLISHED', 0, NULL, '2022-01-11 12:54:56', '2022-01-12 15:02:33'),
(497, 19, 'ZSRF2GqreYg', 'Tooi Nioi', 0, 'OPENING', 2, 'PUBLISHED', 0, NULL, '2022-01-11 12:56:30', '2022-01-12 15:02:09'),
(498, 19, 'hPwLUzI-7uo', 'Gin Iro no Sora', 0, 'OPENING', 3, 'PUBLISHED', 0, NULL, '2022-01-11 12:57:55', '2022-01-12 15:01:59'),
(499, 19, 'G8GR3KIBCMw', 'Kasanaru Kage', 0, 'OPENING', 4, 'PUBLISHED', 0, NULL, '2022-01-11 12:58:52', '2022-01-12 15:01:43'),
(500, 19, 'mWiLsnVSYKg', 'Donten', 0, 'OPENING', 5, 'PUBLISHED', 0, NULL, '2022-01-11 12:59:58', '2022-01-12 15:01:32'),
(501, 19, '_Kzw4Xlx8oE', 'Anata MAGIC', 0, 'OPENING', 6, 'PUBLISHED', 0, NULL, '2022-01-11 13:00:57', '2022-01-12 15:01:23'),
(502, 19, 'JaeRo0ecqVw', 'Fuusen Gum', 0, 'ENDING', 1, 'PUBLISHED', 0, NULL, '2022-01-11 13:01:59', '2022-01-12 15:01:12'),
(503, 19, 'IxDrKYEe8Y4', 'MR.RAINDROP', 0, 'ENDING', 2, 'PUBLISHED', 0, NULL, '2022-01-11 13:02:49', '2022-01-12 15:01:00'),
(504, 19, 'Zv-d9oHXraM', 'Yuki no Tsubasa', 0, 'ENDING', 3, 'PUBLISHED', 0, NULL, '2022-01-11 13:03:37', '2022-01-12 15:00:49'),
(505, 19, 'R-mFGmXx0Ds', 'Candy Line', 0, 'ENDING', 4, 'PUBLISHED', 0, NULL, '2022-01-11 13:05:00', '2022-01-12 15:00:37'),
(506, 19, 'BKhvTZIft8k', 'Shura', 0, 'ENDING', 5, 'PUBLISHED', 0, NULL, '2022-01-11 13:05:44', '2022-01-12 15:00:26'),
(507, 19, 'CGXZmNECNco', 'departure!', 0, 'OPENING', 1, 'PUBLISHED', 0, NULL, '2022-01-11 13:08:30', '2022-01-12 15:00:01'),
(508, 19, 'qibSkLoSVAA', 'departure! -second version-', 0, 'OPENING', 2, 'PUBLISHED', 0, NULL, '2022-01-11 13:09:37', '2022-01-12 14:59:48'),
(509, 19, 'ELuVDnlB8PE', 'Just Awake', 0, 'ENDING', 1, 'PUBLISHED', 0, NULL, '2022-01-11 13:10:30', '2022-01-12 14:59:24'),
(510, 19, 'tK-d2LJlaaQ', 'HUNTING FOR YOUR DREAM', 0, 'ENDING', 2, 'PUBLISHED', 0, NULL, '2022-01-11 13:11:43', '2022-01-12 14:59:06'),
(511, 19, 'wnOGkmMDMuM', 'REASON', 0, 'ENDING', 3, 'PUBLISHED', 0, NULL, '2022-01-11 13:12:49', '2022-01-12 14:58:51'),
(512, 19, 'kc6MHszfb2I', 'Nagareboshi Kirari', 0, 'ENDING', 4, 'PUBLISHED', 0, NULL, '2022-01-11 13:14:15', '2022-01-12 14:58:40'),
(513, 19, 'MCYm453CE6Y', 'Hyouri Ittai', 0, 'ENDING', 5, 'PUBLISHED', 0, NULL, '2022-01-11 13:15:15', '2022-01-12 14:58:14'),
(514, 19, 'TrlqZfnHMho', 'Hyouri Ittai -second version-', 0, 'ENDING', 6, 'PUBLISHED', 0, NULL, '2022-01-11 13:16:15', '2022-01-12 14:58:02'),
(515, 19, 'tF4faMbs5oQ', 'Good Morning World!', 0, 'OPENING', 1, 'PUBLISHED', 0, NULL, '2022-01-11 13:25:31', '2022-01-12 14:57:49'),
(516, 19, 'SohCAjC-Npk', 'Sangenshoku', 0, 'OPENING', 2, 'PUBLISHED', 0, NULL, '2022-01-11 13:26:40', '2022-01-12 14:57:39'),
(517, 19, 'aATPWZ-FpJ8', 'LIFE', 0, 'ENDING', 1, 'PUBLISHED', 0, NULL, '2022-01-11 13:27:33', '2022-01-12 14:57:18'),
(518, 19, 'HA671P2DGUM', 'Yume no You na', 0, 'ENDING', 2, 'PUBLISHED', 0, NULL, '2022-01-11 13:28:48', '2022-01-12 14:57:09'),
(519, 19, 'S1uu7NWvu6k', 'Chouzetsu☆Dynamic!', 0, 'OPENING', 1, 'PUBLISHED', 0, NULL, '2022-01-11 13:32:11', '2022-01-12 14:56:57'),
(520, 19, 'S7QsHpLU1Sw', 'Genkai Toppa × Survivor', 0, 'OPENING', 2, 'PUBLISHED', 0, NULL, '2022-01-11 13:34:03', '2022-01-12 14:56:45'),
(521, 19, 'Vm6V9RcOjfM', 'Hello Hello Hello', 0, 'ENDING', 1, 'PUBLISHED', 0, NULL, '2022-01-11 13:39:29', '2022-01-12 14:55:25'),
(522, 19, 'vgtqbWeFwxk', 'Starring Star', 0, 'ENDING', 2, 'PUBLISHED', 0, NULL, '2022-01-11 13:41:07', '2022-01-12 14:55:14'),
(523, 19, 'wJvU1Gc-sm8', 'Usubeni', 0, 'ENDING', 3, 'PUBLISHED', 0, NULL, '2022-01-11 13:42:29', '2022-01-12 14:55:00'),
(524, 19, 'hcdDnwm4pAE', 'CHA-LA HEAD-CHA-LA', 0, 'OPENING', 1, 'PUBLISHED', 0, NULL, '2022-01-11 13:45:21', '2022-01-12 14:54:39'),
(525, 19, 'dFKroyqq8eE', 'WE GOTTA POWER', 0, 'OPENING', 2, 'PUBLISHED', 0, NULL, '2022-01-11 13:46:07', '2022-01-12 14:54:27'),
(526, 19, 'X92tK_N5214', 'Detekoi Tobikiri ZENKAI Power!', 0, 'ENDING', 1, 'PUBLISHED', 0, NULL, '2022-01-11 13:48:15', '2022-01-12 14:54:15'),
(527, 19, 't0AXu0rmgl8', 'Bokutachi wa Tenshi Datta', 0, 'ENDING', 2, 'PUBLISHED', 0, NULL, '2022-01-11 13:49:36', '2022-01-12 14:53:58'),
(528, 19, 'wEYB09uvKH4', 'DAN DAN Kokoro Hikareteku', 0, 'OPENING', 1, 'PUBLISHED', 0, NULL, '2022-01-11 14:06:47', '2022-01-12 14:53:48'),
(529, 19, 'M8q9G5_ZXpM', 'Hitori Ja Nai', 0, 'ENDING', 1, 'PUBLISHED', 0, NULL, '2022-01-11 14:07:33', '2022-01-12 14:53:20'),
(530, 19, 'qgTGPHG1WLg', 'Don\'t you see!', 0, 'ENDING', 2, 'PUBLISHED', 0, NULL, '2022-01-11 14:08:48', '2022-01-12 14:53:06'),
(531, 19, 'U0hrcPFd3H0', 'Blue Velvet', 0, 'ENDING', 3, 'PUBLISHED', 0, NULL, '2022-01-11 14:10:20', '2022-01-12 14:52:53'),
(532, 19, 'ZkCPSzbI8_Q', 'Sabitsuita Machine Gun de Ima wo', 0, 'ENDING', 4, 'PUBLISHED', 0, NULL, '2022-01-11 14:11:41', '2022-01-12 14:52:22'),
(533, 19, 'ShEAiFqkY0E', 'Again', 0, 'OPENING', 1, 'PUBLISHED', 0, NULL, '2022-01-11 14:14:17', '2022-01-12 14:52:11'),
(534, 19, 'HusCOOG9e5Q', 'Hologram', 0, 'OPENING', 2, 'PUBLISHED', 0, NULL, '2022-01-11 14:16:16', '2022-01-12 14:51:58'),
(535, 19, 'et7oxRRkPEo', 'Golden Time Lover', 0, 'OPENING', 3, 'PUBLISHED', 0, NULL, '2022-01-11 14:17:16', '2022-01-12 14:51:46'),
(536, 19, 'KMZBauH47Jo', 'Period', 0, 'OPENING', 4, 'PUBLISHED', 0, NULL, '2022-01-11 14:18:23', '2022-01-12 14:51:32'),
(537, 19, 'cRA5gsdCf4c', 'Rain', 0, 'OPENING', 5, 'PUBLISHED', 0, NULL, '2022-01-11 14:19:44', '2022-01-12 14:51:07'),
(538, 19, 'PHbUcpXypd8', 'Uso', 0, 'ENDING', 1, 'PUBLISHED', 0, NULL, '2022-01-11 14:22:46', '2022-01-12 14:50:54'),
(539, 19, 'Vi9zgj8foKo', 'LET IT OUT', 0, 'ENDING', 2, 'PUBLISHED', 0, NULL, '2022-01-11 14:24:01', '2022-01-12 14:50:44'),
(540, 19, 'u5bHb_8iuVw', 'Tsunaida Te', 0, 'ENDING', 3, 'PUBLISHED', 0, NULL, '2022-01-11 14:27:12', '2022-01-12 14:50:34'),
(541, 19, 'BHxcHfT9gIc', 'Shunkan Sentimental', 0, 'ENDING', 4, 'PUBLISHED', 0, NULL, '2022-01-11 14:28:57', '2022-01-12 14:50:23'),
(542, 19, 'H55Rnao2bbg', 'RAY OF LIGHT', 0, 'ENDING', 5, 'PUBLISHED', 0, NULL, '2022-01-11 14:30:18', '2022-01-12 14:50:09'),
(543, 19, 'uMsOlhzPEfY', 'Melissa', 0, 'OPENING', 1, 'PUBLISHED', 0, NULL, '2022-01-11 14:33:00', '2022-01-12 14:49:58'),
(544, 19, 'p0hVZ_Gdgvs', 'READY STEADY GO', 0, 'OPENING', 2, 'PUBLISHED', 0, NULL, '2022-01-11 14:33:53', '2022-01-12 14:49:42'),
(545, 19, 'RWbLVoD7M7E', 'UNDO', 0, 'OPENING', 3, 'PUBLISHED', 0, NULL, '2022-01-11 14:34:46', '2022-01-12 14:49:30'),
(546, 19, 'hWU9bh8Lq7A', 'Rewrite', 0, 'OPENING', 4, 'PUBLISHED', 0, NULL, '2022-01-11 14:35:41', '2022-01-12 14:49:19'),
(547, 19, 'iKYlZ3UbCBw', 'Kesenai Tsumi', 0, 'ENDING', 1, 'PUBLISHED', 0, NULL, '2022-01-11 14:36:55', '2022-01-12 14:49:10'),
(548, 19, 'xcZKVPmgxVM', 'Tobira no Mukou e', 0, 'ENDING', 2, 'PUBLISHED', 0, NULL, '2022-01-11 14:37:41', '2022-01-12 14:48:58'),
(549, 19, 'uC3uqDQ1HWw', 'Motherland', 0, 'ENDING', 3, 'PUBLISHED', 0, NULL, '2022-01-11 14:39:36', '2022-01-12 14:48:41'),
(550, 19, 'Qsk9cWenlwg', 'I Will', 0, 'ENDING', 4, 'PUBLISHED', 0, NULL, '2022-01-11 14:40:43', '2022-01-12 14:48:30'),
(551, 19, '4PPjBgpaYaA', '\"Bite\" ( Mordre )', 0, 'OPENING', 1, 'PUBLISHED', 0, NULL, '2022-01-11 14:45:39', '2022-01-12 14:48:12'),
(552, 19, 'WrBwIpJ5yus', 'Kakatte Koi yo', 0, 'ENDING', 1, 'PUBLISHED', 0, NULL, '2022-01-11 14:48:23', '2022-01-12 14:46:41'),
(553, 19, 'anWBta2mBkE', 'Seishun Satsubatsuron', 0, 'OPENING', 1, 'PUBLISHED', 0, NULL, '2022-01-11 14:52:32', '2022-01-12 14:46:23'),
(554, 19, 'jZEcqbuSa7I', 'Jiriki Hongan Revolution', 0, 'OPENING', 2, 'PUBLISHED', 0, NULL, '2022-01-11 14:53:15', '2022-01-12 14:46:10'),
(555, 19, '3odpfe0NCcs', 'Hello, shooting-star', 0, 'ENDING', 1, 'PUBLISHED', 0, NULL, '2022-01-11 14:54:26', '2022-01-12 14:45:58'),
(556, 19, '5RVEM8-UKlg', 'Can Do', 0, 'OPENING', 1, 'PUBLISHED', 0, NULL, '2022-01-11 14:57:27', '2022-01-12 14:45:39'),
(557, 19, 'ZYZSwzmgCTU', 'RIMFIRE', 0, 'OPENING', 2, 'PUBLISHED', 0, NULL, '2022-01-11 14:58:27', '2022-01-12 14:45:22'),
(558, 19, 'lFF9NKWhcik', 'Start it right away', 0, 'ENDING', 1, 'PUBLISHED', 0, NULL, '2022-01-11 14:59:11', '2022-01-12 14:45:09'),
(559, 19, 'Bw-5Lka7gPE', '99', 0, 'OPENING', 1, 'PUBLISHED', 0, NULL, '2022-01-12 12:54:56', '2022-01-12 14:44:50'),
(560, 19, 'KWxO2djVdrU', 'Refrain Boy', 0, 'ENDING', 1, 'PUBLISHED', 0, NULL, '2022-01-12 12:56:21', '2022-01-12 14:44:34'),
(561, 19, 'epZaT8B31-g', '99.9', 0, 'OPENING', 2, 'PUBLISHED', 0, NULL, '2022-01-12 12:59:14', '2022-01-12 14:44:22'),
(562, 19, 'NQPpgcCxIng', 'Gray', 0, 'ENDING', 2, 'PUBLISHED', 0, NULL, '2022-01-12 13:00:19', '2022-01-12 14:44:09'),
(563, 19, 'SXrLLcPRpiA', 'INNOCENCE', 0, 'OPENING', 2, 'PUBLISHED', 0, NULL, '2022-01-12 13:01:53', '2022-01-12 14:43:57'),
(564, 19, 'PkdCpPK1vFY', 'Dang Dang', 0, 'OPENING', 3, 'PUBLISHED', 0, NULL, '2022-01-12 13:03:13', '2022-01-12 14:43:44'),
(565, 19, 'VBRwSOWTxPc', 'BLAZE LINE', 0, 'OPENING', 4, 'PUBLISHED', 0, NULL, '2022-01-12 13:04:45', '2022-01-12 14:43:32'),
(566, 19, '1s12uCoRSQM', 'Honoo no Running Back', 0, 'OPENING', 5, 'PUBLISHED', 0, NULL, '2022-01-12 13:05:48', '2022-01-12 14:43:18'),
(567, 19, 'XHrKmeSxgzM', 'BE FREE', 0, 'ENDING', 1, 'PUBLISHED', 0, NULL, '2022-01-12 13:07:14', '2022-01-12 14:43:07'),
(568, 19, '4dNKiASSSOo', 'Blaze Away', 0, 'ENDING', 2, 'PUBLISHED', 0, NULL, '2022-01-12 13:16:22', '2022-01-12 14:42:56'),
(569, 19, 'S3bFz5Df0kg', 'GOAL', 0, 'ENDING', 3, 'PUBLISHED', 0, NULL, '2022-01-12 13:17:46', '2022-01-12 14:42:39'),
(570, 19, 'TdVY5M55U_E', 'Run to Win!', 0, 'ENDING', 4, 'PUBLISHED', 0, NULL, '2022-01-12 13:19:35', '2022-01-12 14:42:19'),
(571, 19, 'laulN3yMC-o', 'A day dreaming ...', 0, 'ENDING', 5, 'PUBLISHED', 0, NULL, '2022-01-12 13:20:23', '2022-01-12 14:42:00'),
(572, 19, 'eKjgtlslXwQ', 'Angel Night - Tenshi no Iru Basho', 0, 'OPENING', 1, 'PUBLISHED', 0, NULL, '2022-01-12 13:45:36', '2022-01-12 14:41:33'),
(573, 19, 'uLWjBJMEMaU', 'SARA', 0, 'OPENING', 2, 'PUBLISHED', 0, NULL, '2022-01-12 13:47:00', '2022-01-12 14:38:52'),
(574, 19, 'HKYnyCKChNM', 'Super Girl', 0, 'ENDING', 1, 'PUBLISHED', 0, NULL, '2022-01-12 13:48:39', '2022-01-12 14:41:07'),
(575, 19, 'HgLIyOKbxec', 'STILL LOVE HER', 0, 'ENDING', 2, 'PUBLISHED', 0, NULL, '2022-01-12 13:49:35', '2022-01-12 14:40:53'),
(576, 19, 'q43wzP6A1CM', 'Kingdom of Predators', 0, 'OST', 1, 'PUBLISHED', 0, NULL, '2022-01-12 14:33:23', '2022-01-12 14:40:37');

-- --------------------------------------------------------

--
-- Structure de la table `video_anime`
--

CREATE TABLE `video_anime` (
  `video_id` bigint(20) UNSIGNED NOT NULL,
  `anime_id` bigint(20) UNSIGNED NOT NULL
) ENGINE=InnoDB DEFAULT CHARSET=utf8mb4 COLLATE=utf8mb4_unicode_ci;

--
-- Déchargement des données de la table `video_anime`
--

INSERT INTO `video_anime` (`video_id`, `anime_id`) VALUES
(1, 2),
(2, 2),
(3, 16),
(4, 16),
(5, 5),
(6, 5),
(7, 26),
(8, 15),
(9, 15),
(10, 15),
(11, 15),
(12, 15),
(13, 15),
(14, 15),
(15, 15),
(16, 15),
(17, 15),
(18, 15),
(19, 15),
(20, 68),
(21, 68),
(22, 68),
(23, 68),
(24, 68),
(25, 15),
(26, 15),
(27, 15),
(28, 15),
(29, 15),
(30, 15),
(31, 15),
(32, 15),
(33, 15),
(34, 15),
(35, 15),
(36, 15),
(37, 15),
(38, 15),
(39, 15),
(40, 15),
(41, 15),
(42, 15),
(43, 15),
(44, 15),
(45, 15),
(46, 15),
(47, 15),
(48, 15),
(49, 15),
(50, 15),
(51, 15),
(52, 15),
(53, 15),
(54, 15),
(55, 15),
(56, 15),
(57, 15),
(58, 15),
(59, 15),
(60, 15),
(61, 15),
(62, 15),
(63, 15),
(64, 15),
(65, 15),
(66, 15),
(67, 15),
(68, 15),
(69, 15),
(70, 15),
(71, 69),
(72, 69),
(73, 69),
(74, 70),
(75, 69),
(76, 70),
(77, 30),
(78, 30),
(79, 71),
(80, 70),
(82, 26),
(83, 26),
(84, 71),
(85, 1),
(86, 10),
(87, 10),
(88, 28),
(89, 28),
(90, 102),
(91, 102),
(92, 101),
(93, 101),
(94, 103),
(95, 103),
(96, 1),
(97, 1),
(98, 1),
(99, 1),
(100, 100),
(101, 104),
(102, 105),
(103, 14),
(104, 14),
(105, 14),
(106, 14),
(107, 14),
(108, 14),
(109, 14),
(110, 14),
(111, 22),
(112, 22),
(113, 22),
(114, 22),
(115, 22),
(116, 22),
(117, 22),
(118, 22),
(119, 22),
(120, 23),
(121, 23),
(122, 23),
(123, 23),
(124, 23),
(125, 23),
(126, 23),
(127, 23),
(128, 23),
(129, 23),
(130, 23),
(131, 23),
(132, 93),
(133, 110),
(134, 110),
(135, 110),
(136, 111),
(137, 111),
(138, 112),
(139, 112),
(140, 112),
(141, 112),
(142, 115),
(143, 115),
(144, 113),
(145, 113),
(146, 113),
(147, 113),
(148, 24),
(149, 24),
(150, 138),
(151, 138),
(152, 138),
(154, 139),
(155, 139),
(156, 140),
(157, 140),
(158, 141),
(159, 141),
(160, 142),
(161, 142),
(162, 142),
(164, 142),
(166, 143),
(167, 143),
(168, 143),
(169, 144),
(170, 144),
(171, 144),
(172, 138),
(173, 145),
(174, 145),
(175, 145),
(176, 146),
(177, 146),
(178, 146),
(179, 146),
(180, 146),
(181, 146),
(182, 146),
(183, 146),
(184, 146),
(185, 146),
(186, 146),
(187, 146),
(188, 146),
(189, 146),
(190, 147),
(191, 147),
(192, 147),
(194, 147),
(195, 33),
(197, 148),
(198, 148),
(199, 148),
(200, 148),
(201, 133),
(202, 133),
(203, 133),
(204, 133),
(205, 133),
(206, 149),
(207, 149),
(208, 149),
(209, 149),
(210, 149),
(211, 149),
(212, 149),
(213, 149),
(214, 149),
(215, 149),
(216, 150),
(217, 150),
(218, 150),
(219, 151),
(220, 151),
(221, 152),
(222, 152),
(223, 152),
(224, 152),
(225, 152),
(226, 153),
(227, 153),
(228, 154),
(229, 154),
(232, 157),
(233, 157),
(234, 157),
(235, 157),
(236, 158),
(237, 158),
(238, 160),
(239, 160),
(240, 161),
(241, 161),
(242, 161),
(243, 161),
(244, 105),
(245, 13),
(246, 17),
(247, 21),
(248, 21),
(249, 21),
(250, 21),
(251, 21),
(252, 96),
(253, 96),
(254, 96),
(255, 96),
(256, 96),
(257, 96),
(258, 96),
(259, 96),
(260, 96),
(261, 96),
(262, 96),
(263, 96),
(265, 166),
(266, 36),
(267, 167),
(268, 27),
(269, 144),
(270, 7),
(271, 7),
(274, 96),
(275, 96),
(281, 16),
(282, 16),
(283, 169),
(284, 10),
(285, 144),
(286, 9),
(287, 16),
(288, 16),
(289, 16),
(290, 16),
(291, 16),
(292, 15),
(293, 170),
(294, 143),
(295, 172),
(296, 173),
(297, 141),
(299, 174),
(300, 152),
(301, 18),
(302, 12),
(304, 12),
(305, 6),
(306, 152),
(307, 152),
(308, 174),
(309, 95),
(310, 176),
(311, 176),
(312, 83),
(313, 176),
(314, 176),
(315, 7),
(316, 7),
(317, 7),
(318, 7),
(319, 7),
(320, 7),
(321, 7),
(322, 7),
(323, 7),
(324, 7),
(325, 7),
(326, 7),
(327, 7),
(328, 7),
(329, 7),
(330, 7),
(331, 7),
(332, 7),
(333, 7),
(334, 7),
(335, 7),
(336, 7),
(337, 15),
(338, 15),
(339, 15),
(340, 15),
(341, 15),
(342, 12),
(343, 12),
(344, 12),
(345, 12),
(346, 12),
(347, 12),
(348, 12),
(349, 12),
(350, 12),
(351, 12),
(352, 12),
(353, 12),
(354, 12),
(355, 12),
(356, 12),
(357, 12),
(358, 12),
(359, 12),
(360, 12),
(361, 12),
(362, 12),
(363, 177),
(364, 177),
(365, 177),
(366, 177),
(367, 177),
(368, 177),
(369, 177),
(370, 177),
(371, 18),
(372, 18),
(373, 18),
(374, 18),
(375, 18),
(376, 18),
(377, 1),
(378, 1),
(379, 1),
(380, 1),
(381, 1),
(382, 1),
(383, 1),
(384, 1),
(385, 1),
(386, 1),
(387, 1),
(388, 1),
(389, 1),
(390, 1),
(391, 1),
(392, 1),
(393, 1),
(394, 1),
(395, 1),
(396, 1),
(397, 1),
(398, 1),
(399, 1),
(400, 1),
(401, 1),
(402, 1),
(403, 1),
(404, 10),
(405, 10),
(406, 178),
(407, 178),
(408, 179),
(409, 180),
(410, 180),
(411, 180),
(412, 181),
(413, 163),
(414, 163),
(415, 10),
(416, 10),
(417, 183),
(418, 147),
(419, 147),
(420, 184),
(421, 184),
(422, 23),
(423, 23),
(424, 31),
(425, 31),
(426, 185),
(427, 185),
(428, 185),
(429, 185),
(430, 186),
(431, 186),
(432, 187),
(433, 187),
(434, 187),
(435, 187),
(436, 187),
(437, 187),
(438, 188),
(439, 188),
(440, 188),
(441, 188),
(442, 188),
(443, 188),
(445, 104),
(446, 189),
(447, 189),
(448, 190),
(449, 190),
(450, 190),
(451, 190),
(452, 86),
(453, 86),
(454, 86),
(455, 86),
(456, 86),
(458, 191),
(459, 191),
(460, 192),
(461, 123),
(462, 193),
(463, 169),
(464, 194),
(465, 195),
(466, 196),
(467, 197),
(468, 197),
(469, 197),
(470, 198),
(471, 198),
(472, 17),
(473, 17),
(474, 17),
(475, 17),
(476, 199),
(477, 2),
(478, 2),
(479, 2),
(480, 13),
(481, 13),
(482, 13),
(483, 13),
(484, 13),
(485, 28),
(486, 28),
(487, 28),
(488, 28),
(489, 28),
(490, 28),
(491, 28),
(492, 24),
(493, 24),
(494, 24),
(495, 24),
(496, 116),
(497, 116),
(498, 116),
(499, 116),
(500, 116),
(501, 116),
(502, 116),
(503, 116),
(504, 116),
(505, 116),
(506, 116),
(507, 4),
(508, 4),
(509, 4),
(510, 4),
(511, 4),
(512, 4),
(513, 4),
(514, 4),
(515, 105),
(516, 105),
(517, 105),
(518, 105),
(519, 34),
(520, 34),
(521, 34),
(522, 34),
(523, 34),
(524, 36),
(525, 36),
(526, 36),
(527, 36),
(528, 33),
(529, 33),
(530, 33),
(531, 33),
(532, 33),
(533, 8),
(534, 8),
(535, 8),
(536, 8),
(537, 8),
(538, 8),
(539, 8),
(540, 8),
(541, 8),
(542, 8),
(543, 118),
(544, 118),
(545, 118),
(546, 118),
(547, 118),
(548, 118),
(549, 118),
(550, 118),
(551, 64),
(552, 64),
(553, 175),
(554, 175),
(555, 175),
(556, 180),
(557, 180),
(558, 180),
(559, 72),
(560, 72),
(561, 72),
(562, 72),
(563, 123),
(564, 123),
(565, 123),
(566, 123),
(567, 123),
(568, 123),
(569, 123),
(570, 123),
(571, 123),
(572, 200),
(573, 200),
(574, 200),
(575, 200),
(576, 4);

--
-- Index pour les tables déchargées
--

--
-- Index pour la table `animes`
--
ALTER TABLE `animes`
  ADD PRIMARY KEY (`id`),
  ADD KEY `animes_type_index` (`type`);

--
-- Index pour la table `artistables`
--
ALTER TABLE `artistables`
  ADD KEY `artistables_artist_id_foreign` (`artist_id`),
  ADD KEY `artistables_artistable_id_index` (`artistable_id`),
  ADD KEY `artistables_artistable_type_index` (`artistable_type`);

--
-- Index pour la table `artists`
--
ALTER TABLE `artists`
  ADD PRIMARY KEY (`id`);

--
-- Index pour la table `genrables`
--
ALTER TABLE `genrables`
  ADD KEY `genrables_genre_id_foreign` (`genre_id`),
  ADD KEY `genrables_genrable_id_index` (`genrable_id`),
  ADD KEY `genrables_genrable_type_index` (`genrable_type`);

--
-- Index pour la table `genres`
--
ALTER TABLE `genres`
  ADD PRIMARY KEY (`id`);

--
-- Index pour la table `likables`
--
ALTER TABLE `likables`
  ADD KEY `likables_user_id_foreign` (`user_id`),
  ADD KEY `likables_likable_id_index` (`likable_id`),
  ADD KEY `likables_likable_type_index` (`likable_type`);

--
-- Index pour la table `videos`
--
ALTER TABLE `videos`
  ADD PRIMARY KEY (`id`),
  ADD KEY `videos_user_id_foreign` (`user_id`),
  ADD KEY `videos_ytid_index` (`ytid`),
  ADD KEY `videos_title_index` (`title`);

--
-- Index pour la table `video_anime`
--
ALTER TABLE `video_anime`
  ADD KEY `video_anime_video_id_foreign` (`video_id`),
  ADD KEY `video_anime_anime_id_foreign` (`anime_id`);

--
-- AUTO_INCREMENT pour les tables déchargées
--

--
-- AUTO_INCREMENT pour la table `animes`
--
ALTER TABLE `animes`
  MODIFY `id` bigint(20) UNSIGNED NOT NULL AUTO_INCREMENT, AUTO_INCREMENT=202;

--
-- AUTO_INCREMENT pour la table `artists`
--
ALTER TABLE `artists`
  MODIFY `id` bigint(20) UNSIGNED NOT NULL AUTO_INCREMENT, AUTO_INCREMENT=406;

--
-- AUTO_INCREMENT pour la table `genres`
--
ALTER TABLE `genres`
  MODIFY `id` bigint(20) UNSIGNED NOT NULL AUTO_INCREMENT, AUTO_INCREMENT=55;

--
-- AUTO_INCREMENT pour la table `videos`
--
ALTER TABLE `videos`
  MODIFY `id` bigint(20) UNSIGNED NOT NULL AUTO_INCREMENT, AUTO_INCREMENT=577;

--
-- Contraintes pour les tables déchargées
--

--
-- Contraintes pour la table `artistables`
--
ALTER TABLE `artistables`
  ADD CONSTRAINT `artistables_artist_id_foreign` FOREIGN KEY (`artist_id`) REFERENCES `artists` (`id`) ON DELETE CASCADE;

--
-- Contraintes pour la table `genrables`
--
ALTER TABLE `genrables`
  ADD CONSTRAINT `genrables_genre_id_foreign` FOREIGN KEY (`genre_id`) REFERENCES `genres` (`id`) ON DELETE CASCADE;

--
-- Contraintes pour la table `likables`
--
ALTER TABLE `likables`
  ADD CONSTRAINT `likables_user_id_foreign` FOREIGN KEY (`user_id`) REFERENCES `users` (`id`) ON DELETE CASCADE;

--
-- Contraintes pour la table `videos`
--
ALTER TABLE `videos`
  ADD CONSTRAINT `videos_user_id_foreign` FOREIGN KEY (`user_id`) REFERENCES `users` (`id`);

--
-- Contraintes pour la table `video_anime`
--
ALTER TABLE `video_anime`
  ADD CONSTRAINT `video_anime_anime_id_foreign` FOREIGN KEY (`anime_id`) REFERENCES `animes` (`id`) ON DELETE CASCADE,
  ADD CONSTRAINT `video_anime_video_id_foreign` FOREIGN KEY (`video_id`) REFERENCES `videos` (`id`) ON DELETE CASCADE;
COMMIT;

/*!40101 SET CHARACTER_SET_CLIENT=@OLD_CHARACTER_SET_CLIENT */;
/*!40101 SET CHARACTER_SET_RESULTS=@OLD_CHARACTER_SET_RESULTS */;
/*!40101 SET COLLATION_CONNECTION=@OLD_COLLATION_CONNECTION */;
